domain,domain_length,digit_count,entropy,hyphen_count,subdomain_count,vowel_ratio,consonant_ratio,longest_digit_seq,longest_consonant_seq,unique_char_count,ttl,query_type,response_code,unique_ip_count,ip_change_frequency,domain_age,days_until_expiry,registration_period,nameserver_count,asn,country_count,query_count,unique_client_count,queries_per_client,unique_resolved_ip_count,unique_query_type_count,unique_response_code_count,response_code_diversity,nxdomain_ratio,servfail_ratio,failed_lookup_ratio,avg_query_interval,query_interval_std,burst_score,beacon_score,repeated_query_ratio,unique_domain_count,domain_reuse_ratio,unique_ttl_count,average_ttl,ttl_variance,unique_asn_count,asn_change_frequency,unique_registrar_count,average_domain_age,average_days_until_expiry,avg_response_time,dnssec_ratio,mx_ratio,aaaa_ratio,first_seen_age,last_seen_age,observation_window,query_type_entropy,response_code_entropy,threat_score,confidence,label
connectivity-check.ubuntu.com,29.0,0.0,3.6899,1.0,1.0,0.3462,0.6538,0.0,2.0,15.0,19.0,1.0,0.0,1.0,0.0,8112,653,8766,3,AS41231,0,1.0,1.0,1.0,1.0,1.0,1.0,1.0,0.0,0.0,0.0,0.0,0.0,1.0,0.0,1.0,1.0,1.0,1.0,19.0,0.0,1.0,1.0,1.0,8112.0,653.0,0.4455,0.0,0.0,1.0,0.0,0.0,0.0,0.0,0.0,0,95,Benign
tranco-list.eu,14.0,0.0,3.6645,1.0,0.0,0.4167,0.5833,0.0,2.0,13.0,258.0,1.0,0.0,1.0,0.0,-1,-1,-1.0,0,AS13335,0,1.0,1.0,1.0,1.0,1.0,1.0,1.0,0.0,0.0,0.0,0.0,0.0,1.0,0.0,1.0,1.0,1.0,1.0,258.0,0.0,1.0,1.0,1.0,0.0,0.0,0.1428,0.0,1.0,1.0,0.0,0.0,0.0,0.0,0.0,0,95,Benign
tranco-list.eu,14.0,0.0,3.6645,1.0,0.0,0.4167,0.5833,0.0,2.0,13.0,258.0,28.0,0.0,1.0,0.0,-1,-1,-1.0,0,AS13335,0,1.0,1.0,1.0,1.0,1.0,1.0,1.0,0.0,0.0,0.0,0.0,0.0,1.0,0.0,1.0,1.0,1.0,1.0,258.0,0.0,1.0,1.0,1.0,0.0,0.0,0.1428,0.0,1.0,1.0,0.0,0.0,0.0,0.0,0.0,0,95,Benign
connectivity-check.ubuntu.com,29.0,0.0,3.6899,1.0,1.0,0.3462,0.6538,0.0,2.0,15.0,19.0,28.0,0.0,1.0,0.0,8112,653,8766,3,AS41231,0,1.0,1.0,1.0,1.0,1.0,1.0,1.0,0.0,0.0,0.0,0.0,0.0,1.0,0.0,1.0,1.0,1.0,1.0,19.0,0.0,1.0,1.0,1.0,8112.0,653.0,0.4455,0.0,0.0,1.0,0.0,0.0,0.0,0.0,0.0,0,95,Benign
publicsuffix.org,16.0,0.0,3.625,0.0,0.0,0.3333,0.6667,0.0,2.0,13.0,374.0,1.0,0.0,1.0,0.0,7099,205,7305,4,AS396982,0,1.0,1.0,1.0,1.0,1.0,1.0,1.0,0.0,0.0,0.0,0.0,0.0,1.0,0.0,1.0,1.0,1.0,1.0,374.0,0.0,1.0,1.0,1.0,7099.0,205.0,0.2118,0.0,0.0,1.0,0.0,0.0,0.0,0.0,0.0,0,95,Benign
publicsuffix.org,16.0,0.0,3.625,0.0,0.0,0.3333,0.6667,0.0,2.0,13.0,374.0,28.0,0.0,1.0,0.0,7099,205,7305,4,AS396982,0,1.0,1.0,1.0,1.0,1.0,1.0,1.0,0.0,0.0,0.0,0.0,0.0,1.0,0.0,1.0,1.0,1.0,1.0,374.0,0.0,1.0,1.0,1.0,7099.0,205.0,0.2118,0.0,0.0,1.0,0.0,0.0,0.0,0.0,0.0,0,95,Benign
whois.iana.org,14.0,0.0,3.2359,0.0,1.0,0.5,0.5,0.0,2.0,10.0,52.0,1.0,0.0,1.0,0.0,11393,480,11874,4,AS16876,0,1.0,1.0,1.0,1.0,1.0,1.0,1.0,0.0,0.0,0.0,0.0,0.0,1.0,0.0,1.0,1.0,1.0,1.0,52.0,0.0,1.0,1.0,1.0,11393.0,480.0,0.6005,0.0,0.0,1.0,0.0,0.0,0.0,0.0,0.0,0,95,Benign
whois.verisign-grs.com,22.0,0.0,3.6635,1.0,1.0,0.3158,0.6842,0.0,3.0,14.0,10.0,1.0,0.0,1.0,0.0,9471,24,9496,4,AS397203,0,1.0,1.0,1.0,1.0,1.0,1.0,1.0,0.0,0.0,0.0,0.0,0.0,1.0,0.0,1.0,1.0,1.0,1.0,10.0,0.0,1.0,1.0,1.0,9471.0,24.0,0.3469,0.0,0.0,1.0,0.0,0.0,0.0,0.0,0.0,0,95,Benign
whois.markmonitor.com,21.0,0.0,3.4992,0.0,1.0,0.3684,0.6316,0.0,3.0,13.0,38.0,1.0,0.0,1.0,0.0,9975,2078,12054,9,AS16509,0,1.0,1.0,1.0,1.0,1.0,1.0,1.0,0.0,0.0,0.0,0.0,0.0,1.0,0.0,1.0,1.0,1.0,1.0,38.0,0.0,1.0,1.0,1.0,9975.0,2078.0,0.1083,0.0,0.0,0.0,0.0,0.0,0.0,0.0,0.0,0,95,Benign
connectivity-check.ubuntu.com,29.0,0.0,3.6899,1.0,1.0,0.3462,0.6538,0.0,2.0,15.0,19.0,1.0,0.0,1.0,0.0,8112,653,8766,3,AS41231,0,1.0,1.0,1.0,1.0,1.0,1.0,1.0,0.0,0.0,0.0,0.0,0.0,1.0,0.0,1.0,1.0,1.0,1.0,19.0,0.0,1.0,1.0,1.0,8112.0,653.0,0.4455,0.0,0.0,1.0,0.0,0.0,0.0,0.0,0.0,0,95,Benign
connectivity-check.ubuntu.com,29.0,0.0,3.6899,1.0,1.0,0.3462,0.6538,0.0,2.0,15.0,19.0,28.0,0.0,1.0,0.0,8112,653,8766,3,AS41231,0,1.0,1.0,1.0,1.0,1.0,1.0,1.0,0.0,0.0,0.0,0.0,0.0,1.0,0.0,1.0,1.0,1.0,1.0,19.0,0.0,1.0,1.0,1.0,8112.0,653.0,0.4455,0.0,0.0,1.0,0.0,0.0,0.0,0.0,0.0,0,95,Benign
connectivity-check.ubuntu.com,29.0,0.0,3.6899,1.0,1.0,0.3462,0.6538,0.0,2.0,15.0,19.0,5.0,0.0,1.0,0.0,8112,653,8766,3,AS41231,0,1.0,1.0,1.0,1.0,1.0,1.0,1.0,0.0,0.0,0.0,0.0,0.0,1.0,0.0,1.0,1.0,1.0,1.0,19.0,0.0,1.0,1.0,1.0,8112.0,653.0,0.4455,0.0,0.0,1.0,0.0,0.0,0.0,0.0,0.0,0,95,Benign
connectivity-check.ubuntu.com,29.0,0.0,3.6899,1.0,1.0,0.3462,0.6538,0.0,2.0,15.0,19.0,15.0,0.0,1.0,0.0,8112,653,8766,3,AS41231,0,1.0,1.0,1.0,1.0,1.0,1.0,1.0,0.0,0.0,0.0,0.0,0.0,1.0,0.0,1.0,1.0,1.0,1.0,19.0,0.0,1.0,1.0,1.0,8112.0,653.0,0.4455,0.0,0.0,1.0,0.0,0.0,0.0,0.0,0.0,0,95,Benign
whois.eu,8.0,0.0,3.0,0.0,0.0,0.5714,0.4286,0.0,2.0,8.0,579.0,1.0,0.0,1.0,0.0,-1,-1,-1.0,0,AS35733,0,1.0,1.0,1.0,1.0,1.0,1.0,1.0,0.0,0.0,0.0,0.0,0.0,1.0,0.0,1.0,1.0,1.0,1.0,579.0,0.0,1.0,1.0,1.0,0.0,0.0,0.4099,0.0,0.0,1.0,0.0,0.0,0.0,0.0,0.0,0,95,Benign
tranco-list.eu,14.0,0.0,3.6645,1.0,0.0,0.4167,0.5833,0.0,2.0,13.0,258.0,1.0,0.0,1.0,0.0,-1,-1,-1.0,0,AS13335,0,1.0,1.0,1.0,1.0,1.0,1.0,1.0,0.0,0.0,0.0,0.0,0.0,1.0,0.0,1.0,1.0,1.0,1.0,258.0,0.0,1.0,1.0,1.0,0.0,0.0,0.1428,0.0,1.0,1.0,0.0,0.0,0.0,0.0,0.0,0,95,Benign
tranco-list.eu,14.0,0.0,3.6645,1.0,0.0,0.4167,0.5833,0.0,2.0,13.0,258.0,28.0,0.0,1.0,0.0,-1,-1,-1.0,0,AS13335,0,1.0,1.0,1.0,1.0,1.0,1.0,1.0,0.0,0.0,0.0,0.0,0.0,1.0,0.0,1.0,1.0,1.0,1.0,258.0,0.0,1.0,1.0,1.0,0.0,0.0,0.1428,0.0,1.0,1.0,0.0,0.0,0.0,0.0,0.0,0,95,Benign
tranco-list.eu,14.0,0.0,3.6645,1.0,0.0,0.4167,0.5833,0.0,2.0,13.0,258.0,5.0,0.0,1.0,0.0,-1,-1,-1.0,0,AS13335,0,1.0,1.0,1.0,1.0,1.0,1.0,1.0,0.0,0.0,0.0,0.0,0.0,1.0,0.0,1.0,1.0,1.0,1.0,258.0,0.0,1.0,1.0,1.0,0.0,0.0,0.1428,0.0,1.0,1.0,0.0,0.0,0.0,0.0,0.0,0,95,Benign
tranco-list.eu,14.0,0.0,3.6645,1.0,0.0,0.4167,0.5833,0.0,2.0,13.0,258.0,15.0,0.0,1.0,0.0,-1,-1,-1.0,0,AS13335,0,1.0,1.0,1.0,1.0,1.0,1.0,1.0,0.0,0.0,0.0,0.0,0.0,1.0,0.0,1.0,1.0,1.0,1.0,258.0,0.0,1.0,1.0,1.0,0.0,0.0,0.1428,0.0,1.0,1.0,0.0,0.0,0.0,0.0,0.0,0,95,Benign
whois.iana.org,14.0,0.0,3.2359,0.0,1.0,0.5,0.5,0.0,2.0,10.0,52.0,1.0,0.0,1.0,0.0,11393,480,11874,4,AS16876,0,1.0,1.0,1.0,1.0,1.0,1.0,1.0,0.0,0.0,0.0,0.0,0.0,1.0,0.0,1.0,1.0,1.0,1.0,52.0,0.0,1.0,1.0,1.0,11393.0,480.0,0.6005,0.0,0.0,1.0,0.0,0.0,0.0,0.0,0.0,0,95,Benign
whois.publicinterestregistry.org,32.0,0.0,3.8667,0.0,1.0,0.3333,0.6667,0.0,4.0,17.0,1.0,1.0,0.0,1.0,0.0,8838,1023,9862,4,AS16509,0,1.0,1.0,1.0,1.0,1.0,1.0,1.0,0.0,0.0,0.0,0.0,0.0,1.0,0.0,1.0,1.0,1.0,1.0,1.0,0.0,1.0,1.0,1.0,8838.0,1023.0,0.2747,0.0,0.0,1.0,0.0,0.0,0.0,0.0,0.0,0,95,Benign
whois.markmonitor.com,21.0,0.0,3.4992,0.0,1.0,0.3684,0.6316,0.0,3.0,13.0,38.0,1.0,0.0,1.0,0.0,9975,2078,12054,9,AS16509,0,1.0,1.0,1.0,1.0,1.0,1.0,1.0,0.0,0.0,0.0,0.0,0.0,1.0,0.0,1.0,1.0,1.0,1.0,38.0,0.0,1.0,1.0,1.0,9975.0,2078.0,0.1083,0.0,0.0,0.0,0.0,0.0,0.0,0.0,0.0,0,95,Benign
publicsuffix.org,16.0,0.0,3.625,0.0,0.0,0.3333,0.6667,0.0,2.0,13.0,374.0,1.0,0.0,1.0,0.0,7099,205,7305,4,AS396982,0,1.0,1.0,1.0,1.0,1.0,1.0,1.0,0.0,0.0,0.0,0.0,0.0,1.0,0.0,1.0,1.0,1.0,1.0,374.0,0.0,1.0,1.0,1.0,7099.0,205.0,0.2118,0.0,0.0,1.0,0.0,0.0,0.0,0.0,0.0,0,95,Benign
publicsuffix.org,16.0,0.0,3.625,0.0,0.0,0.3333,0.6667,0.0,2.0,13.0,374.0,28.0,0.0,1.0,0.0,7099,205,7305,4,AS396982,0,1.0,1.0,1.0,1.0,1.0,1.0,1.0,0.0,0.0,0.0,0.0,0.0,1.0,0.0,1.0,1.0,1.0,1.0,374.0,0.0,1.0,1.0,1.0,7099.0,205.0,0.2118,0.0,0.0,1.0,0.0,0.0,0.0,0.0,0.0,0,95,Benign
publicsuffix.org,16.0,0.0,3.625,0.0,0.0,0.3333,0.6667,0.0,2.0,13.0,374.0,5.0,0.0,1.0,0.0,7099,205,7305,4,AS396982,0,1.0,1.0,1.0,1.0,1.0,1.0,1.0,0.0,0.0,0.0,0.0,0.0,1.0,0.0,1.0,1.0,1.0,1.0,374.0,0.0,1.0,1.0,1.0,7099.0,205.0,0.2118,0.0,0.0,1.0,0.0,0.0,0.0,0.0,0.0,0,95,Benign
publicsuffix.org,16.0,0.0,3.625,0.0,0.0,0.3333,0.6667,0.0,2.0,13.0,374.0,15.0,0.0,1.0,0.0,7099,205,7305,4,AS396982,0,1.0,1.0,1.0,1.0,1.0,1.0,1.0,0.0,0.0,0.0,0.0,0.0,1.0,0.0,1.0,1.0,1.0,1.0,374.0,0.0,1.0,1.0,1.0,7099.0,205.0,0.2118,0.0,0.0,1.0,0.0,0.0,0.0,0.0,0.0,0,95,Benign
whois.iana.org,14.0,0.0,3.2359,0.0,1.0,0.5,0.5,0.0,2.0,10.0,52.0,1.0,0.0,1.0,0.0,11393,480,11874,4,AS16876,0,1.0,1.0,1.0,1.0,1.0,1.0,1.0,0.0,0.0,0.0,0.0,0.0,1.0,0.0,1.0,1.0,1.0,1.0,52.0,0.0,1.0,1.0,1.0,11393.0,480.0,0.6005,0.0,0.0,1.0,0.0,0.0,0.0,0.0,0.0,0,95,Benign
whois.publicinterestregistry.org,32.0,0.0,3.8667,0.0,1.0,0.3333,0.6667,0.0,4.0,17.0,1.0,1.0,0.0,1.0,0.0,8838,1023,9862,4,AS16509,0,1.0,1.0,1.0,1.0,1.0,1.0,1.0,0.0,0.0,0.0,0.0,0.0,1.0,0.0,1.0,1.0,1.0,1.0,1.0,0.0,1.0,1.0,1.0,8838.0,1023.0,0.2747,0.0,0.0,1.0,0.0,0.0,0.0,0.0,0.0,0,95,Benign
whois.iana.org,14.0,0.0,3.2359,0.0,1.0,0.5,0.5,0.0,2.0,10.0,52.0,1.0,0.0,1.0,0.0,11393,480,11874,4,AS16876,0,1.0,1.0,1.0,1.0,1.0,1.0,1.0,0.0,0.0,0.0,0.0,0.0,1.0,0.0,1.0,1.0,1.0,1.0,52.0,0.0,1.0,1.0,1.0,11393.0,480.0,0.6005,0.0,0.0,1.0,0.0,0.0,0.0,0.0,0.0,0,95,Benign
whois.iana.org,14.0,0.0,3.2359,0.0,1.0,0.5,0.5,0.0,2.0,10.0,52.0,28.0,0.0,1.0,0.0,11393,480,11874,4,AS16876,0,1.0,1.0,1.0,1.0,1.0,1.0,1.0,0.0,0.0,0.0,0.0,0.0,1.0,0.0,1.0,1.0,1.0,1.0,52.0,0.0,1.0,1.0,1.0,11393.0,480.0,0.6005,0.0,0.0,1.0,0.0,0.0,0.0,0.0,0.0,0,95,Benign
ianawhois.vip.icann.org,23.0,0.0,3.4686,0.0,2.0,0.45,0.55,0.0,2.0,13.0,35.0,28.0,0.0,1.0,0.0,10196,845,11042,4,AS16876,0,1.0,1.0,1.0,1.0,1.0,1.0,1.0,0.0,0.0,0.0,0.0,0.0,1.0,0.0,1.0,1.0,1.0,1.0,35.0,0.0,1.0,1.0,1.0,10196.0,845.0,0.3136,0.0,0.0,1.0,0.0,0.0,0.0,0.0,0.0,0,95,Benign
whois.iana.org,14.0,0.0,3.2359,0.0,1.0,0.5,0.5,0.0,2.0,10.0,52.0,5.0,0.0,1.0,0.0,11393,480,11874,4,AS16876,0,1.0,1.0,1.0,1.0,1.0,1.0,1.0,0.0,0.0,0.0,0.0,0.0,1.0,0.0,1.0,1.0,1.0,1.0,52.0,0.0,1.0,1.0,1.0,11393.0,480.0,0.6005,0.0,0.0,1.0,0.0,0.0,0.0,0.0,0.0,0,95,Benign
whois.iana.org,14.0,0.0,3.2359,0.0,1.0,0.5,0.5,0.0,2.0,10.0,52.0,15.0,0.0,1.0,0.0,11393,480,11874,4,AS16876,0,1.0,1.0,1.0,1.0,1.0,1.0,1.0,0.0,0.0,0.0,0.0,0.0,1.0,0.0,1.0,1.0,1.0,1.0,52.0,0.0,1.0,1.0,1.0,11393.0,480.0,0.6005,0.0,0.0,1.0,0.0,0.0,0.0,0.0,0.0,0,95,Benign
ianawhois.vip.icann.org,23.0,0.0,3.4686,0.0,2.0,0.45,0.55,0.0,2.0,13.0,35.0,15.0,0.0,1.0,0.0,10196,845,11042,4,AS16876,0,1.0,1.0,1.0,1.0,1.0,1.0,1.0,0.0,0.0,0.0,0.0,0.0,1.0,0.0,1.0,1.0,1.0,1.0,35.0,0.0,1.0,1.0,1.0,10196.0,845.0,0.3136,0.0,0.0,1.0,0.0,0.0,0.0,0.0,0.0,0,95,Benign
whois.iana.org,14.0,0.0,3.2359,0.0,1.0,0.5,0.5,0.0,2.0,10.0,52.0,1.0,0.0,1.0,0.0,11393,480,11874,4,AS16876,0,1.0,1.0,1.0,1.0,1.0,1.0,1.0,0.0,0.0,0.0,0.0,0.0,1.0,0.0,1.0,1.0,1.0,1.0,52.0,0.0,1.0,1.0,1.0,11393.0,480.0,0.6005,0.0,0.0,1.0,0.0,0.0,0.0,0.0,0.0,0,95,Benign
whois.verisign-grs.com,22.0,0.0,3.6635,1.0,1.0,0.3158,0.6842,0.0,3.0,14.0,10.0,1.0,0.0,1.0,0.0,9471,24,9496,4,AS397203,0,1.0,1.0,1.0,1.0,1.0,1.0,1.0,0.0,0.0,0.0,0.0,0.0,1.0,0.0,1.0,1.0,1.0,1.0,10.0,0.0,1.0,1.0,1.0,9471.0,24.0,0.3469,0.0,0.0,1.0,0.0,0.0,0.0,0.0,0.0,0,95,Benign
whois.corporatedomains.com,26.0,0.0,3.7155,0.0,1.0,0.4167,0.5833,0.0,2.0,15.0,7189.0,1.0,0.0,1.0,0.0,10529,61,10591,2,AS19574,0,1.0,1.0,1.0,1.0,1.0,1.0,1.0,0.0,0.0,0.0,0.0,0.0,1.0,0.0,1.0,1.0,1.0,1.0,7189.0,0.0,1.0,1.0,1.0,10529.0,61.0,0.1033,0.0,0.0,1.0,0.0,0.0,0.0,0.0,0.0,0,95,Benign
whois.verisign-grs.com,22.0,0.0,3.6635,1.0,1.0,0.3158,0.6842,0.0,3.0,14.0,10.0,1.0,0.0,1.0,0.0,9471,24,9496,4,AS397203,0,1.0,1.0,1.0,1.0,1.0,1.0,1.0,0.0,0.0,0.0,0.0,0.0,1.0,0.0,1.0,1.0,1.0,1.0,10.0,0.0,1.0,1.0,1.0,9471.0,24.0,0.3469,0.0,0.0,1.0,0.0,0.0,0.0,0.0,0.0,0,95,Benign
whois.verisign-grs.com,22.0,0.0,3.6635,1.0,1.0,0.3158,0.6842,0.0,3.0,14.0,10.0,28.0,0.0,1.0,0.0,9471,24,9496,4,AS397203,0,1.0,1.0,1.0,1.0,1.0,1.0,1.0,0.0,0.0,0.0,0.0,0.0,1.0,0.0,1.0,1.0,1.0,1.0,10.0,0.0,1.0,1.0,1.0,9471.0,24.0,0.3469,0.0,0.0,1.0,0.0,0.0,0.0,0.0,0.0,0,95,Benign
whois.verisign-grs.com,22.0,0.0,3.6635,1.0,1.0,0.3158,0.6842,0.0,3.0,14.0,10.0,5.0,0.0,1.0,0.0,9471,24,9496,4,AS397203,0,1.0,1.0,1.0,1.0,1.0,1.0,1.0,0.0,0.0,0.0,0.0,0.0,1.0,0.0,1.0,1.0,1.0,1.0,10.0,0.0,1.0,1.0,1.0,9471.0,24.0,0.3469,0.0,0.0,1.0,0.0,0.0,0.0,0.0,0.0,0,95,Benign
whois.verisign-grs.com,22.0,0.0,3.6635,1.0,1.0,0.3158,0.6842,0.0,3.0,14.0,10.0,15.0,0.0,1.0,0.0,9471,24,9496,4,AS397203,0,1.0,1.0,1.0,1.0,1.0,1.0,1.0,0.0,0.0,0.0,0.0,0.0,1.0,0.0,1.0,1.0,1.0,1.0,10.0,0.0,1.0,1.0,1.0,9471.0,24.0,0.3469,0.0,0.0,1.0,0.0,0.0,0.0,0.0,0.0,0,95,Benign
whois.iana.org,14.0,0.0,3.2359,0.0,1.0,0.5,0.5,0.0,2.0,10.0,52.0,1.0,0.0,1.0,0.0,11393,480,11874,4,AS16876,0,1.0,1.0,1.0,1.0,1.0,1.0,1.0,0.0,0.0,0.0,0.0,0.0,1.0,0.0,1.0,1.0,1.0,1.0,52.0,0.0,1.0,1.0,1.0,11393.0,480.0,0.6005,0.0,0.0,1.0,0.0,0.0,0.0,0.0,0.0,0,95,Benign
whois.verisign-grs.com,22.0,0.0,3.6635,1.0,1.0,0.3158,0.6842,0.0,3.0,14.0,10.0,1.0,0.0,1.0,0.0,9471,24,9496,4,AS397203,0,1.0,1.0,1.0,1.0,1.0,1.0,1.0,0.0,0.0,0.0,0.0,0.0,1.0,0.0,1.0,1.0,1.0,1.0,10.0,0.0,1.0,1.0,1.0,9471.0,24.0,0.3469,0.0,0.0,1.0,0.0,0.0,0.0,0.0,0.0,0,95,Benign
whois.markmonitor.com,21.0,0.0,3.4992,0.0,1.0,0.3684,0.6316,0.0,3.0,13.0,38.0,1.0,0.0,1.0,0.0,9975,2078,12054,9,AS16509,0,1.0,1.0,1.0,1.0,1.0,1.0,1.0,0.0,0.0,0.0,0.0,0.0,1.0,0.0,1.0,1.0,1.0,1.0,38.0,0.0,1.0,1.0,1.0,9975.0,2078.0,0.1083,0.0,0.0,0.0,0.0,0.0,0.0,0.0,0.0,0,95,Benign
whois.markmonitor.com,21.0,0.0,3.4992,0.0,1.0,0.3684,0.6316,0.0,3.0,13.0,38.0,1.0,0.0,1.0,0.0,9975,2078,12054,9,AS16509,0,1.0,1.0,1.0,1.0,1.0,1.0,1.0,0.0,0.0,0.0,0.0,0.0,1.0,0.0,1.0,1.0,1.0,1.0,38.0,0.0,1.0,1.0,1.0,9975.0,2078.0,0.1083,0.0,0.0,0.0,0.0,0.0,0.0,0.0,0.0,0,95,Benign
whois.markmonitor.com,21.0,0.0,3.4992,0.0,1.0,0.3684,0.6316,0.0,3.0,13.0,38.0,28.0,0.0,1.0,0.0,9975,2078,12054,9,AS16509,0,1.0,1.0,1.0,1.0,1.0,1.0,1.0,0.0,0.0,0.0,0.0,0.0,1.0,0.0,1.0,1.0,1.0,1.0,38.0,0.0,1.0,1.0,1.0,9975.0,2078.0,0.1083,0.0,0.0,0.0,0.0,0.0,0.0,0.0,0.0,0,95,Benign
whois.aws.markmonitor.com,25.0,0.0,3.5435,0.0,2.0,0.3636,0.6364,0.0,3.0,13.0,21.0,28.0,0.0,1.0,0.0,9975,2078,12054,9,AS16509,0,1.0,1.0,1.0,1.0,1.0,1.0,1.0,0.0,0.0,0.0,0.0,0.0,1.0,0.0,1.0,1.0,1.0,1.0,21.0,0.0,1.0,1.0,1.0,9975.0,2078.0,0.054,0.0,0.0,0.0,0.0,0.0,0.0,0.0,0.0,0,95,Benign
whois.markmonitor.com,21.0,0.0,3.4992,0.0,1.0,0.3684,0.6316,0.0,3.0,13.0,38.0,5.0,0.0,1.0,0.0,9975,2078,12054,9,AS16509,0,1.0,1.0,1.0,1.0,1.0,1.0,1.0,0.0,0.0,0.0,0.0,0.0,1.0,0.0,1.0,1.0,1.0,1.0,38.0,0.0,1.0,1.0,1.0,9975.0,2078.0,0.1083,0.0,0.0,0.0,0.0,0.0,0.0,0.0,0.0,0,95,Benign
whois.markmonitor.com,21.0,0.0,3.4992,0.0,1.0,0.3684,0.6316,0.0,3.0,13.0,38.0,15.0,0.0,1.0,0.0,9975,2078,12054,9,AS16509,0,1.0,1.0,1.0,1.0,1.0,1.0,1.0,0.0,0.0,0.0,0.0,0.0,1.0,0.0,1.0,1.0,1.0,1.0,38.0,0.0,1.0,1.0,1.0,9975.0,2078.0,0.1083,0.0,0.0,0.0,0.0,0.0,0.0,0.0,0.0,0,95,Benign
whois.aws.markmonitor.com,25.0,0.0,3.5435,0.0,2.0,0.3636,0.6364,0.0,3.0,13.0,21.0,15.0,0.0,1.0,0.0,9975,2078,12054,9,AS16509,0,1.0,1.0,1.0,1.0,1.0,1.0,1.0,0.0,0.0,0.0,0.0,0.0,1.0,0.0,1.0,1.0,1.0,1.0,21.0,0.0,1.0,1.0,1.0,9975.0,2078.0,0.054,0.0,0.0,0.0,0.0,0.0,0.0,0.0,0.0,0,95,Benign
whois.iana.org,14.0,0.0,3.2359,0.0,1.0,0.5,0.5,0.0,2.0,10.0,52.0,1.0,0.0,1.0,0.0,11393,480,11874,4,AS16876,0,1.0,1.0,1.0,1.0,1.0,1.0,1.0,0.0,0.0,0.0,0.0,0.0,1.0,0.0,1.0,1.0,1.0,1.0,52.0,0.0,1.0,1.0,1.0,11393.0,480.0,0.6005,0.0,0.0,1.0,0.0,0.0,0.0,0.0,0.0,0,95,Benign
whois.eu,8.0,0.0,3.0,0.0,0.0,0.5714,0.4286,0.0,2.0,8.0,579.0,1.0,0.0,1.0,0.0,-1,-1,-1.0,0,AS35733,0,1.0,1.0,1.0,1.0,1.0,1.0,1.0,0.0,0.0,0.0,0.0,0.0,1.0,0.0,1.0,1.0,1.0,1.0,579.0,0.0,1.0,1.0,1.0,0.0,0.0,0.4099,0.0,0.0,1.0,0.0,0.0,0.0,0.0,0.0,0,95,Benign
whois.eu,8.0,0.0,3.0,0.0,0.0,0.5714,0.4286,0.0,2.0,8.0,579.0,1.0,0.0,1.0,0.0,-1,-1,-1.0,0,AS35733,0,1.0,1.0,1.0,1.0,1.0,1.0,1.0,0.0,0.0,0.0,0.0,0.0,1.0,0.0,1.0,1.0,1.0,1.0,579.0,0.0,1.0,1.0,1.0,0.0,0.0,0.4099,0.0,0.0,1.0,0.0,0.0,0.0,0.0,0.0,0,95,Benign
whois.eu,8.0,0.0,3.0,0.0,0.0,0.5714,0.4286,0.0,2.0,8.0,579.0,28.0,0.0,1.0,0.0,-1,-1,-1.0,0,AS35733,0,1.0,1.0,1.0,1.0,1.0,1.0,1.0,0.0,0.0,0.0,0.0,0.0,1.0,0.0,1.0,1.0,1.0,1.0,579.0,0.0,1.0,1.0,1.0,0.0,0.0,0.4099,0.0,0.0,1.0,0.0,0.0,0.0,0.0,0.0,0,95,Benign
whois.eu,8.0,0.0,3.0,0.0,0.0,0.5714,0.4286,0.0,2.0,8.0,579.0,5.0,0.0,1.0,0.0,-1,-1,-1.0,0,AS35733,0,1.0,1.0,1.0,1.0,1.0,1.0,1.0,0.0,0.0,0.0,0.0,0.0,1.0,0.0,1.0,1.0,1.0,1.0,579.0,0.0,1.0,1.0,1.0,0.0,0.0,0.4099,0.0,0.0,1.0,0.0,0.0,0.0,0.0,0.0,0,95,Benign
whois.eu,8.0,0.0,3.0,0.0,0.0,0.5714,0.4286,0.0,2.0,8.0,579.0,15.0,0.0,1.0,0.0,-1,-1,-1.0,0,AS35733,0,1.0,1.0,1.0,1.0,1.0,1.0,1.0,0.0,0.0,0.0,0.0,0.0,1.0,0.0,1.0,1.0,1.0,1.0,579.0,0.0,1.0,1.0,1.0,0.0,0.0,0.4099,0.0,0.0,1.0,0.0,0.0,0.0,0.0,0.0,0,95,Benign
whois.iana.org,14.0,0.0,3.2359,0.0,1.0,0.5,0.5,0.0,2.0,10.0,52.0,1.0,0.0,1.0,0.0,11393,480,11874,4,AS16876,0,1.0,1.0,1.0,1.0,1.0,1.0,1.0,0.0,0.0,0.0,0.0,0.0,1.0,0.0,1.0,1.0,1.0,1.0,52.0,0.0,1.0,1.0,1.0,11393.0,480.0,0.6005,0.0,0.0,1.0,0.0,0.0,0.0,0.0,0.0,0,95,Benign
whois.publicinterestregistry.org,32.0,0.0,3.8667,0.0,1.0,0.3333,0.6667,0.0,4.0,17.0,1.0,1.0,0.0,1.0,0.0,8838,1023,9862,4,AS16509,0,1.0,1.0,1.0,1.0,1.0,1.0,1.0,0.0,0.0,0.0,0.0,0.0,1.0,0.0,1.0,1.0,1.0,1.0,1.0,0.0,1.0,1.0,1.0,8838.0,1023.0,0.2747,0.0,0.0,1.0,0.0,0.0,0.0,0.0,0.0,0,95,Benign
whois.publicinterestregistry.org,32.0,0.0,3.8667,0.0,1.0,0.3333,0.6667,0.0,4.0,17.0,1.0,1.0,0.0,1.0,0.0,8838,1023,9862,4,AS16509,0,1.0,1.0,1.0,1.0,1.0,1.0,1.0,0.0,0.0,0.0,0.0,0.0,1.0,0.0,1.0,1.0,1.0,1.0,1.0,0.0,1.0,1.0,1.0,8838.0,1023.0,0.2747,0.0,0.0,1.0,0.0,0.0,0.0,0.0,0.0,0,95,Benign
whois.publicinterestregistry.org,32.0,0.0,3.8667,0.0,1.0,0.3333,0.6667,0.0,4.0,17.0,1.0,28.0,0.0,1.0,0.0,8838,1023,9862,4,AS16509,0,1.0,1.0,1.0,1.0,1.0,1.0,1.0,0.0,0.0,0.0,0.0,0.0,1.0,0.0,1.0,1.0,1.0,1.0,1.0,0.0,1.0,1.0,1.0,8838.0,1023.0,0.2747,0.0,0.0,1.0,0.0,0.0,0.0,0.0,0.0,0,95,Benign
whois.pir.gtm.iddg.io,21.0,0.0,3.3447,0.0,3.0,0.3529,0.6471,0.0,3.0,12.0,82.0,28.0,0.0,1.0,0.0,1470,355,1826,4,AS16509,0,1.0,1.0,1.0,1.0,1.0,1.0,1.0,0.0,0.0,0.0,0.0,0.0,1.0,0.0,1.0,1.0,1.0,1.0,82.0,0.0,1.0,1.0,1.0,1470.0,355.0,0.1067,0.0,0.0,1.0,0.0,0.0,0.0,0.0,0.0,0,95,Benign
whois.publicinterestregistry.org,32.0,0.0,3.8667,0.0,1.0,0.3333,0.6667,0.0,4.0,17.0,1.0,5.0,0.0,1.0,0.0,8838,1023,9862,4,AS16509,0,1.0,1.0,1.0,1.0,1.0,1.0,1.0,0.0,0.0,0.0,0.0,0.0,1.0,0.0,1.0,1.0,1.0,1.0,1.0,0.0,1.0,1.0,1.0,8838.0,1023.0,0.2747,0.0,0.0,1.0,0.0,0.0,0.0,0.0,0.0,0,95,Benign
whois.publicinterestregistry.org,32.0,0.0,3.8667,0.0,1.0,0.3333,0.6667,0.0,4.0,17.0,1.0,15.0,0.0,1.0,0.0,8838,1023,9862,4,AS16509,0,1.0,1.0,1.0,1.0,1.0,1.0,1.0,0.0,0.0,0.0,0.0,0.0,1.0,0.0,1.0,1.0,1.0,1.0,1.0,0.0,1.0,1.0,1.0,8838.0,1023.0,0.2747,0.0,0.0,1.0,0.0,0.0,0.0,0.0,0.0,0,95,Benign
whois.pir.gtm.iddg.io,21.0,0.0,3.3447,0.0,3.0,0.3529,0.6471,0.0,3.0,12.0,82.0,15.0,0.0,1.0,0.0,1470,355,1826,4,AS16509,0,1.0,1.0,1.0,1.0,1.0,1.0,1.0,0.0,0.0,0.0,0.0,0.0,1.0,0.0,1.0,1.0,1.0,1.0,82.0,0.0,1.0,1.0,1.0,1470.0,355.0,0.1067,0.0,0.0,1.0,0.0,0.0,0.0,0.0,0.0,0,95,Benign
whois.iana.org,14.0,0.0,3.2359,0.0,1.0,0.5,0.5,0.0,2.0,10.0,52.0,1.0,0.0,1.0,0.0,11393,480,11874,4,AS16876,0,1.0,1.0,1.0,1.0,1.0,1.0,1.0,0.0,0.0,0.0,0.0,0.0,1.0,0.0,1.0,1.0,1.0,1.0,52.0,0.0,1.0,1.0,1.0,11393.0,480.0,0.6005,0.0,0.0,1.0,0.0,0.0,0.0,0.0,0.0,0,95,Benign
whois.publicinterestregistry.org,32.0,0.0,3.8667,0.0,1.0,0.3333,0.6667,0.0,4.0,17.0,1.0,1.0,0.0,1.0,0.0,8838,1023,9862,4,AS16509,0,1.0,1.0,1.0,1.0,1.0,1.0,1.0,0.0,0.0,0.0,0.0,0.0,1.0,0.0,1.0,1.0,1.0,1.0,1.0,0.0,1.0,1.0,1.0,8838.0,1023.0,0.2747,0.0,0.0,1.0,0.0,0.0,0.0,0.0,0.0,0,95,Benign
ianawhois.vip.icann.org,23.0,0.0,3.4686,0.0,2.0,0.45,0.55,0.0,2.0,13.0,35.0,1.0,0.0,1.0,0.0,10196,845,11042,4,AS16876,0,1.0,1.0,1.0,1.0,1.0,1.0,1.0,0.0,0.0,0.0,0.0,0.0,1.0,0.0,1.0,1.0,1.0,1.0,35.0,0.0,1.0,1.0,1.0,10196.0,845.0,0.3136,0.0,0.0,1.0,0.0,0.0,0.0,0.0,0.0,0,95,Benign
ianawhois.vip.icann.org,23.0,0.0,3.4686,0.0,2.0,0.45,0.55,0.0,2.0,13.0,35.0,28.0,0.0,1.0,0.0,10196,845,11042,4,AS16876,0,1.0,1.0,1.0,1.0,1.0,1.0,1.0,0.0,0.0,0.0,0.0,0.0,1.0,0.0,1.0,1.0,1.0,1.0,35.0,0.0,1.0,1.0,1.0,10196.0,845.0,0.3136,0.0,0.0,1.0,0.0,0.0,0.0,0.0,0.0,0,95,Benign
ianawhois.vip.icann.org,23.0,0.0,3.4686,0.0,2.0,0.45,0.55,0.0,2.0,13.0,35.0,5.0,0.0,1.0,0.0,10196,845,11042,4,AS16876,0,1.0,1.0,1.0,1.0,1.0,1.0,1.0,0.0,0.0,0.0,0.0,0.0,1.0,0.0,1.0,1.0,1.0,1.0,35.0,0.0,1.0,1.0,1.0,10196.0,845.0,0.3136,0.0,0.0,1.0,0.0,0.0,0.0,0.0,0.0,0,95,Benign
ianawhois.vip.icann.org,23.0,0.0,3.4686,0.0,2.0,0.45,0.55,0.0,2.0,13.0,35.0,15.0,0.0,1.0,0.0,10196,845,11042,4,AS16876,0,1.0,1.0,1.0,1.0,1.0,1.0,1.0,0.0,0.0,0.0,0.0,0.0,1.0,0.0,1.0,1.0,1.0,1.0,35.0,0.0,1.0,1.0,1.0,10196.0,845.0,0.3136,0.0,0.0,1.0,0.0,0.0,0.0,0.0,0.0,0,95,Benign
whois.iana.org,14.0,0.0,3.2359,0.0,1.0,0.5,0.5,0.0,2.0,10.0,52.0,1.0,0.0,1.0,0.0,11393,480,11874,4,AS16876,0,1.0,1.0,1.0,1.0,1.0,1.0,1.0,0.0,0.0,0.0,0.0,0.0,1.0,0.0,1.0,1.0,1.0,1.0,52.0,0.0,1.0,1.0,1.0,11393.0,480.0,0.6005,0.0,0.0,1.0,0.0,0.0,0.0,0.0,0.0,0,95,Benign
whois.verisign-grs.com,22.0,0.0,3.6635,1.0,1.0,0.3158,0.6842,0.0,3.0,14.0,10.0,1.0,0.0,1.0,0.0,9471,24,9496,4,AS397203,0,1.0,1.0,1.0,1.0,1.0,1.0,1.0,0.0,0.0,0.0,0.0,0.0,1.0,0.0,1.0,1.0,1.0,1.0,10.0,0.0,1.0,1.0,1.0,9471.0,24.0,0.3469,0.0,0.0,1.0,0.0,0.0,0.0,0.0,0.0,0,95,Benign
whois.corporatedomains.com,26.0,0.0,3.7155,0.0,1.0,0.4167,0.5833,0.0,2.0,15.0,7189.0,1.0,0.0,1.0,0.0,10529,61,10591,2,AS19574,0,1.0,1.0,1.0,1.0,1.0,1.0,1.0,0.0,0.0,0.0,0.0,0.0,1.0,0.0,1.0,1.0,1.0,1.0,7189.0,0.0,1.0,1.0,1.0,10529.0,61.0,0.1033,0.0,0.0,1.0,0.0,0.0,0.0,0.0,0.0,0,95,Benign
whois.corporatedomains.com,26.0,0.0,3.7155,0.0,1.0,0.4167,0.5833,0.0,2.0,15.0,7189.0,1.0,0.0,1.0,0.0,10529,61,10591,2,AS19574,0,1.0,1.0,1.0,1.0,1.0,1.0,1.0,0.0,0.0,0.0,0.0,0.0,1.0,0.0,1.0,1.0,1.0,1.0,7189.0,0.0,1.0,1.0,1.0,10529.0,61.0,0.1033,0.0,0.0,1.0,0.0,0.0,0.0,0.0,0.0,0,95,Benign
whois.corporatedomains.com,26.0,0.0,3.7155,0.0,1.0,0.4167,0.5833,0.0,2.0,15.0,7189.0,28.0,0.0,1.0,0.0,10529,61,10591,2,AS19574,0,1.0,1.0,1.0,1.0,1.0,1.0,1.0,0.0,0.0,0.0,0.0,0.0,1.0,0.0,1.0,1.0,1.0,1.0,7189.0,0.0,1.0,1.0,1.0,10529.0,61.0,0.1033,0.0,0.0,1.0,0.0,0.0,0.0,0.0,0.0,0,95,Benign
whois.corporatedomains.com,26.0,0.0,3.7155,0.0,1.0,0.4167,0.5833,0.0,2.0,15.0,7189.0,5.0,0.0,1.0,0.0,10529,61,10591,2,AS19574,0,1.0,1.0,1.0,1.0,1.0,1.0,1.0,0.0,0.0,0.0,0.0,0.0,1.0,0.0,1.0,1.0,1.0,1.0,7189.0,0.0,1.0,1.0,1.0,10529.0,61.0,0.1033,0.0,0.0,1.0,0.0,0.0,0.0,0.0,0.0,0,95,Benign
whois.corporatedomains.com,26.0,0.0,3.7155,0.0,1.0,0.4167,0.5833,0.0,2.0,15.0,7189.0,15.0,0.0,1.0,0.0,10529,61,10591,2,AS19574,0,1.0,1.0,1.0,1.0,1.0,1.0,1.0,0.0,0.0,0.0,0.0,0.0,1.0,0.0,1.0,1.0,1.0,1.0,7189.0,0.0,1.0,1.0,1.0,10529.0,61.0,0.1033,0.0,0.0,1.0,0.0,0.0,0.0,0.0,0.0,0,95,Benign
whois.aws.markmonitor.com,25.0,0.0,3.5435,0.0,2.0,0.3636,0.6364,0.0,3.0,13.0,21.0,1.0,0.0,1.0,0.0,9975,2078,12054,9,AS16509,0,1.0,1.0,1.0,1.0,1.0,1.0,1.0,0.0,0.0,0.0,0.0,0.0,1.0,0.0,1.0,1.0,1.0,1.0,21.0,0.0,1.0,1.0,1.0,9975.0,2078.0,0.054,0.0,0.0,0.0,0.0,0.0,0.0,0.0,0.0,0,95,Benign
whois.aws.markmonitor.com,25.0,0.0,3.5435,0.0,2.0,0.3636,0.6364,0.0,3.0,13.0,21.0,28.0,0.0,1.0,0.0,9975,2078,12054,9,AS16509,0,1.0,1.0,1.0,1.0,1.0,1.0,1.0,0.0,0.0,0.0,0.0,0.0,1.0,0.0,1.0,1.0,1.0,1.0,21.0,0.0,1.0,1.0,1.0,9975.0,2078.0,0.054,0.0,0.0,0.0,0.0,0.0,0.0,0.0,0.0,0,95,Benign
whois.aws.markmonitor.com,25.0,0.0,3.5435,0.0,2.0,0.3636,0.6364,0.0,3.0,13.0,21.0,5.0,0.0,1.0,0.0,9975,2078,12054,9,AS16509,0,1.0,1.0,1.0,1.0,1.0,1.0,1.0,0.0,0.0,0.0,0.0,0.0,1.0,0.0,1.0,1.0,1.0,1.0,21.0,0.0,1.0,1.0,1.0,9975.0,2078.0,0.054,0.0,0.0,0.0,0.0,0.0,0.0,0.0,0.0,0,95,Benign
whois.aws.markmonitor.com,25.0,0.0,3.5435,0.0,2.0,0.3636,0.6364,0.0,3.0,13.0,21.0,15.0,0.0,1.0,0.0,9975,2078,12054,9,AS16509,0,1.0,1.0,1.0,1.0,1.0,1.0,1.0,0.0,0.0,0.0,0.0,0.0,1.0,0.0,1.0,1.0,1.0,1.0,21.0,0.0,1.0,1.0,1.0,9975.0,2078.0,0.054,0.0,0.0,0.0,0.0,0.0,0.0,0.0,0.0,0,95,Benign
whois.iana.org,14.0,0.0,3.2359,0.0,1.0,0.5,0.5,0.0,2.0,10.0,52.0,1.0,0.0,1.0,0.0,11393,480,11874,4,AS16876,0,1.0,1.0,1.0,1.0,1.0,1.0,1.0,0.0,0.0,0.0,0.0,0.0,1.0,0.0,1.0,1.0,1.0,1.0,52.0,0.0,1.0,1.0,1.0,11393.0,480.0,0.6005,0.0,0.0,1.0,0.0,0.0,0.0,0.0,0.0,0,95,Benign
whois.nic.io,12.0,0.0,2.8554,0.0,1.0,0.5,0.5,0.0,2.0,8.0,55.0,1.0,0.0,1.0,0.0,8369,259,8629,4,AS16509,0,1.0,1.0,1.0,1.0,1.0,1.0,1.0,0.0,0.0,0.0,0.0,0.0,1.0,0.0,1.0,1.0,1.0,1.0,55.0,0.0,1.0,1.0,1.0,8369.0,259.0,0.0924,0.0,0.0,1.0,0.0,0.0,0.0,0.0,0.0,0,95,Benign
whois.name.com,14.0,0.0,3.3788,0.0,1.0,0.4167,0.5833,0.0,2.0,11.0,53.0,1.0,0.0,1.0,0.0,11546,2273,13820,2,AS16509,0,1.0,1.0,1.0,1.0,1.0,1.0,1.0,0.0,0.0,0.0,0.0,0.0,1.0,0.0,1.0,1.0,1.0,1.0,53.0,0.0,1.0,1.0,1.0,11546.0,2273.0,0.1267,0.0,0.0,1.0,0.0,0.0,0.0,0.0,0.0,0,95,Benign
whois.pir.gtm.iddg.io,21.0,0.0,3.3447,0.0,3.0,0.3529,0.6471,0.0,3.0,12.0,82.0,1.0,0.0,1.0,0.0,1470,355,1826,4,AS16509,0,1.0,1.0,1.0,1.0,1.0,1.0,1.0,0.0,0.0,0.0,0.0,0.0,1.0,0.0,1.0,1.0,1.0,1.0,82.0,0.0,1.0,1.0,1.0,1470.0,355.0,0.1067,0.0,0.0,1.0,0.0,0.0,0.0,0.0,0.0,0,95,Benign
whois.pir.gtm.iddg.io,21.0,0.0,3.3447,0.0,3.0,0.3529,0.6471,0.0,3.0,12.0,82.0,28.0,0.0,1.0,0.0,1470,355,1826,4,AS16509,0,1.0,1.0,1.0,1.0,1.0,1.0,1.0,0.0,0.0,0.0,0.0,0.0,1.0,0.0,1.0,1.0,1.0,1.0,82.0,0.0,1.0,1.0,1.0,1470.0,355.0,0.1067,0.0,0.0,1.0,0.0,0.0,0.0,0.0,0.0,0,95,Benign
whois.pir.gtm.iddg.io,21.0,0.0,3.3447,0.0,3.0,0.3529,0.6471,0.0,3.0,12.0,82.0,5.0,0.0,1.0,0.0,1470,355,1826,4,AS16509,0,1.0,1.0,1.0,1.0,1.0,1.0,1.0,0.0,0.0,0.0,0.0,0.0,1.0,0.0,1.0,1.0,1.0,1.0,82.0,0.0,1.0,1.0,1.0,1470.0,355.0,0.1067,0.0,0.0,1.0,0.0,0.0,0.0,0.0,0.0,0,95,Benign
whois.pir.gtm.iddg.io,21.0,0.0,3.3447,0.0,3.0,0.3529,0.6471,0.0,3.0,12.0,82.0,15.0,0.0,1.0,0.0,1470,355,1826,4,AS16509,0,1.0,1.0,1.0,1.0,1.0,1.0,1.0,0.0,0.0,0.0,0.0,0.0,1.0,0.0,1.0,1.0,1.0,1.0,82.0,0.0,1.0,1.0,1.0,1470.0,355.0,0.1067,0.0,0.0,1.0,0.0,0.0,0.0,0.0,0.0,0,95,Benign
whois.iana.org,14.0,0.0,3.2359,0.0,1.0,0.5,0.5,0.0,2.0,10.0,52.0,1.0,0.0,1.0,0.0,11393,480,11874,4,AS16876,0,1.0,1.0,1.0,1.0,1.0,1.0,1.0,0.0,0.0,0.0,0.0,0.0,1.0,0.0,1.0,1.0,1.0,1.0,52.0,0.0,1.0,1.0,1.0,11393.0,480.0,0.6005,0.0,0.0,1.0,0.0,0.0,0.0,0.0,0.0,0,95,Benign
whois.nic.io,12.0,0.0,2.8554,0.0,1.0,0.5,0.5,0.0,2.0,8.0,55.0,1.0,0.0,1.0,0.0,8369,259,8629,4,AS16509,0,1.0,1.0,1.0,1.0,1.0,1.0,1.0,0.0,0.0,0.0,0.0,0.0,1.0,0.0,1.0,1.0,1.0,1.0,55.0,0.0,1.0,1.0,1.0,8369.0,259.0,0.0924,0.0,0.0,1.0,0.0,0.0,0.0,0.0,0.0,0,95,Benign
whois.identitydigital.services,30.0,0.0,3.7811,0.0,1.0,0.3929,0.6071,0.0,3.0,17.0,52.0,1.0,0.0,1.0,0.0,-1,-1,-1.0,0,AS16509,0,1.0,1.0,1.0,1.0,1.0,1.0,1.0,0.0,0.0,0.0,0.0,0.0,1.0,0.0,1.0,1.0,1.0,1.0,52.0,0.0,1.0,1.0,0.0,0.0,0.0,0.0096,0.0,0.0,1.0,0.0,0.0,0.0,0.0,0.0,0,95,Benign
whois.identitydigital.gtm.iddg.io,33.0,0.0,3.5169,0.0,3.0,0.3793,0.6207,0.0,3.0,15.0,52.0,1.0,0.0,1.0,0.0,1470,355,1826,4,AS16509,0,1.0,1.0,1.0,1.0,1.0,1.0,1.0,0.0,0.0,0.0,0.0,0.0,1.0,0.0,1.0,1.0,1.0,1.0,52.0,0.0,1.0,1.0,1.0,1470.0,355.0,0.0334,0.0,0.0,1.0,0.0,0.0,0.0,0.0,0.0,0,95,Benign
whois.nic.io,12.0,0.0,2.8554,0.0,1.0,0.5,0.5,0.0,2.0,8.0,55.0,1.0,0.0,1.0,0.0,8369,259,8629,4,AS16509,0,1.0,1.0,1.0,1.0,1.0,1.0,1.0,0.0,0.0,0.0,0.0,0.0,1.0,0.0,1.0,1.0,1.0,1.0,55.0,0.0,1.0,1.0,1.0,8369.0,259.0,0.0924,0.0,0.0,1.0,0.0,0.0,0.0,0.0,0.0,0,95,Benign
whois.nic.io,12.0,0.0,2.8554,0.0,1.0,0.5,0.5,0.0,2.0,8.0,55.0,28.0,0.0,1.0,0.0,8369,259,8629,4,AS16509,0,1.0,1.0,1.0,1.0,1.0,1.0,1.0,0.0,0.0,0.0,0.0,0.0,1.0,0.0,1.0,1.0,1.0,1.0,55.0,0.0,1.0,1.0,1.0,8369.0,259.0,0.0924,0.0,0.0,1.0,0.0,0.0,0.0,0.0,0.0,0,95,Benign
whois.identitydigital.gtm.iddg.io,33.0,0.0,3.5169,0.0,3.0,0.3793,0.6207,0.0,3.0,15.0,52.0,28.0,0.0,1.0,0.0,1470,355,1826,4,AS16509,0,1.0,1.0,1.0,1.0,1.0,1.0,1.0,0.0,0.0,0.0,0.0,0.0,1.0,0.0,1.0,1.0,1.0,1.0,52.0,0.0,1.0,1.0,1.0,1470.0,355.0,0.0334,0.0,0.0,1.0,0.0,0.0,0.0,0.0,0.0,0,95,Benign
whois.nic.io,12.0,0.0,2.8554,0.0,1.0,0.5,0.5,0.0,2.0,8.0,55.0,5.0,0.0,1.0,0.0,8369,259,8629,4,AS16509,0,1.0,1.0,1.0,1.0,1.0,1.0,1.0,0.0,0.0,0.0,0.0,0.0,1.0,0.0,1.0,1.0,1.0,1.0,55.0,0.0,1.0,1.0,1.0,8369.0,259.0,0.0924,0.0,0.0,1.0,0.0,0.0,0.0,0.0,0.0,0,95,Benign
whois.nic.io,12.0,0.0,2.8554,0.0,1.0,0.5,0.5,0.0,2.0,8.0,55.0,15.0,0.0,1.0,0.0,8369,259,8629,4,AS16509,0,1.0,1.0,1.0,1.0,1.0,1.0,1.0,0.0,0.0,0.0,0.0,0.0,1.0,0.0,1.0,1.0,1.0,1.0,55.0,0.0,1.0,1.0,1.0,8369.0,259.0,0.0924,0.0,0.0,1.0,0.0,0.0,0.0,0.0,0.0,0,95,Benign
whois.identitydigital.gtm.iddg.io,33.0,0.0,3.5169,0.0,3.0,0.3793,0.6207,0.0,3.0,15.0,52.0,15.0,0.0,1.0,0.0,1470,355,1826,4,AS16509,0,1.0,1.0,1.0,1.0,1.0,1.0,1.0,0.0,0.0,0.0,0.0,0.0,1.0,0.0,1.0,1.0,1.0,1.0,52.0,0.0,1.0,1.0,1.0,1470.0,355.0,0.0334,0.0,0.0,1.0,0.0,0.0,0.0,0.0,0.0,0,95,Benign
whois.iana.org,14.0,0.0,3.2359,0.0,1.0,0.5,0.5,0.0,2.0,10.0,52.0,1.0,0.0,1.0,0.0,11393,480,11874,4,AS16876,0,1.0,1.0,1.0,1.0,1.0,1.0,1.0,0.0,0.0,0.0,0.0,0.0,1.0,0.0,1.0,1.0,1.0,1.0,52.0,0.0,1.0,1.0,1.0,11393.0,480.0,0.6005,0.0,0.0,1.0,0.0,0.0,0.0,0.0,0.0,0,95,Benign
whois.verisign-grs.com,22.0,0.0,3.6635,1.0,1.0,0.3158,0.6842,0.0,3.0,14.0,10.0,1.0,0.0,1.0,0.0,9471,24,9496,4,AS397203,0,1.0,1.0,1.0,1.0,1.0,1.0,1.0,0.0,0.0,0.0,0.0,0.0,1.0,0.0,1.0,1.0,1.0,1.0,10.0,0.0,1.0,1.0,1.0,9471.0,24.0,0.3469,0.0,0.0,1.0,0.0,0.0,0.0,0.0,0.0,0,95,Benign
whois.name.com,14.0,0.0,3.3788,0.0,1.0,0.4167,0.5833,0.0,2.0,11.0,53.0,1.0,0.0,1.0,0.0,11546,2273,13820,2,AS16509,0,1.0,1.0,1.0,1.0,1.0,1.0,1.0,0.0,0.0,0.0,0.0,0.0,1.0,0.0,1.0,1.0,1.0,1.0,53.0,0.0,1.0,1.0,1.0,11546.0,2273.0,0.1267,0.0,0.0,1.0,0.0,0.0,0.0,0.0,0.0,0,95,Benign
whois.name.com,14.0,0.0,3.3788,0.0,1.0,0.4167,0.5833,0.0,2.0,11.0,53.0,1.0,0.0,1.0,0.0,11546,2273,13820,2,AS16509,0,1.0,1.0,1.0,1.0,1.0,1.0,1.0,0.0,0.0,0.0,0.0,0.0,1.0,0.0,1.0,1.0,1.0,1.0,53.0,0.0,1.0,1.0,1.0,11546.0,2273.0,0.1267,0.0,0.0,1.0,0.0,0.0,0.0,0.0,0.0,0,95,Benign
whois.name.com,14.0,0.0,3.3788,0.0,1.0,0.4167,0.5833,0.0,2.0,11.0,53.0,28.0,0.0,1.0,0.0,11546,2273,13820,2,AS16509,0,1.0,1.0,1.0,1.0,1.0,1.0,1.0,0.0,0.0,0.0,0.0,0.0,1.0,0.0,1.0,1.0,1.0,1.0,53.0,0.0,1.0,1.0,1.0,11546.0,2273.0,0.1267,0.0,0.0,1.0,0.0,0.0,0.0,0.0,0.0,0,95,Benign
whois.prod.usw2.name.systems,28.0,1.0,3.8213,0.0,3.0,0.3043,0.6957,1.0,4.0,17.0,51.0,28.0,0.0,1.0,0.0,-1,-1,-1.0,0,AS16509,0,1.0,1.0,1.0,1.0,1.0,1.0,1.0,0.0,0.0,0.0,0.0,0.0,1.0,0.0,1.0,1.0,1.0,1.0,51.0,0.0,1.0,1.0,0.0,0.0,0.0,0.0646,0.0,0.0,1.0,0.0,0.0,0.0,0.0,0.0,0,95,Benign
whois.name.com,14.0,0.0,3.3788,0.0,1.0,0.4167,0.5833,0.0,2.0,11.0,53.0,5.0,0.0,1.0,0.0,11546,2273,13820,2,AS16509,0,1.0,1.0,1.0,1.0,1.0,1.0,1.0,0.0,0.0,0.0,0.0,0.0,1.0,0.0,1.0,1.0,1.0,1.0,53.0,0.0,1.0,1.0,1.0,11546.0,2273.0,0.1267,0.0,0.0,1.0,0.0,0.0,0.0,0.0,0.0,0,95,Benign
whois.name.com,14.0,0.0,3.3788,0.0,1.0,0.4167,0.5833,0.0,2.0,11.0,53.0,15.0,0.0,1.0,0.0,11546,2273,13820,2,AS16509,0,1.0,1.0,1.0,1.0,1.0,1.0,1.0,0.0,0.0,0.0,0.0,0.0,1.0,0.0,1.0,1.0,1.0,1.0,53.0,0.0,1.0,1.0,1.0,11546.0,2273.0,0.1267,0.0,0.0,1.0,0.0,0.0,0.0,0.0,0.0,0,95,Benign
whois.prod.usw2.name.systems,28.0,1.0,3.8213,0.0,3.0,0.3043,0.6957,1.0,4.0,17.0,51.0,15.0,0.0,1.0,0.0,-1,-1,-1.0,0,AS16509,0,1.0,1.0,1.0,1.0,1.0,1.0,1.0,0.0,0.0,0.0,0.0,0.0,1.0,0.0,1.0,1.0,1.0,1.0,51.0,0.0,1.0,1.0,0.0,0.0,0.0,0.0646,0.0,0.0,1.0,0.0,0.0,0.0,0.0,0.0,0,95,Benign
whois.iana.org,14.0,0.0,3.2359,0.0,1.0,0.5,0.5,0.0,2.0,10.0,52.0,1.0,0.0,1.0,0.0,11393,480,11874,4,AS16876,0,1.0,1.0,1.0,1.0,1.0,1.0,1.0,0.0,0.0,0.0,0.0,0.0,1.0,0.0,1.0,1.0,1.0,1.0,52.0,0.0,1.0,1.0,1.0,11393.0,480.0,0.6005,0.0,0.0,1.0,0.0,0.0,0.0,0.0,0.0,0,95,Benign
whois.identitydigital.services,30.0,0.0,3.7811,0.0,1.0,0.3929,0.6071,0.0,3.0,17.0,52.0,1.0,0.0,1.0,0.0,-1,-1,-1.0,0,AS16509,0,1.0,1.0,1.0,1.0,1.0,1.0,1.0,0.0,0.0,0.0,0.0,0.0,1.0,0.0,1.0,1.0,1.0,1.0,52.0,0.0,1.0,1.0,0.0,0.0,0.0,0.0096,0.0,0.0,1.0,0.0,0.0,0.0,0.0,0.0,0,95,Benign
whois.identitydigital.gtm.iddg.io,33.0,0.0,3.5169,0.0,3.0,0.3793,0.6207,0.0,3.0,15.0,52.0,1.0,0.0,1.0,0.0,1470,355,1826,4,AS16509,0,1.0,1.0,1.0,1.0,1.0,1.0,1.0,0.0,0.0,0.0,0.0,0.0,1.0,0.0,1.0,1.0,1.0,1.0,52.0,0.0,1.0,1.0,1.0,1470.0,355.0,0.0334,0.0,0.0,1.0,0.0,0.0,0.0,0.0,0.0,0,95,Benign
whois.identitydigital.services,30.0,0.0,3.7811,0.0,1.0,0.3929,0.6071,0.0,3.0,17.0,52.0,28.0,0.0,1.0,0.0,-1,-1,-1.0,0,AS16509,0,1.0,1.0,1.0,1.0,1.0,1.0,1.0,0.0,0.0,0.0,0.0,0.0,1.0,0.0,1.0,1.0,1.0,1.0,52.0,0.0,1.0,1.0,0.0,0.0,0.0,0.0096,0.0,0.0,1.0,0.0,0.0,0.0,0.0,0.0,0,95,Benign
whois.identitydigital.gtm.iddg.io,33.0,0.0,3.5169,0.0,3.0,0.3793,0.6207,0.0,3.0,15.0,52.0,28.0,0.0,1.0,0.0,1470,355,1826,4,AS16509,0,1.0,1.0,1.0,1.0,1.0,1.0,1.0,0.0,0.0,0.0,0.0,0.0,1.0,0.0,1.0,1.0,1.0,1.0,52.0,0.0,1.0,1.0,1.0,1470.0,355.0,0.0334,0.0,0.0,1.0,0.0,0.0,0.0,0.0,0.0,0,95,Benign
whois.identitydigital.services,30.0,0.0,3.7811,0.0,1.0,0.3929,0.6071,0.0,3.0,17.0,52.0,5.0,0.0,1.0,0.0,-1,-1,-1.0,0,AS16509,0,1.0,1.0,1.0,1.0,1.0,1.0,1.0,0.0,0.0,0.0,0.0,0.0,1.0,0.0,1.0,1.0,1.0,1.0,52.0,0.0,1.0,1.0,0.0,0.0,0.0,0.0096,0.0,0.0,1.0,0.0,0.0,0.0,0.0,0.0,0,95,Benign
whois.identitydigital.services,30.0,0.0,3.7811,0.0,1.0,0.3929,0.6071,0.0,3.0,17.0,52.0,15.0,0.0,1.0,0.0,-1,-1,-1.0,0,AS16509,0,1.0,1.0,1.0,1.0,1.0,1.0,1.0,0.0,0.0,0.0,0.0,0.0,1.0,0.0,1.0,1.0,1.0,1.0,52.0,0.0,1.0,1.0,0.0,0.0,0.0,0.0096,0.0,0.0,1.0,0.0,0.0,0.0,0.0,0.0,0,95,Benign
whois.identitydigital.gtm.iddg.io,33.0,0.0,3.5169,0.0,3.0,0.3793,0.6207,0.0,3.0,15.0,52.0,15.0,0.0,1.0,0.0,1470,355,1826,4,AS16509,0,1.0,1.0,1.0,1.0,1.0,1.0,1.0,0.0,0.0,0.0,0.0,0.0,1.0,0.0,1.0,1.0,1.0,1.0,52.0,0.0,1.0,1.0,1.0,1470.0,355.0,0.0334,0.0,0.0,1.0,0.0,0.0,0.0,0.0,0.0,0,95,Benign
whois.identitydigital.gtm.iddg.io,33.0,0.0,3.5169,0.0,3.0,0.3793,0.6207,0.0,3.0,15.0,52.0,1.0,0.0,1.0,0.0,1470,355,1826,4,AS16509,0,1.0,1.0,1.0,1.0,1.0,1.0,1.0,0.0,0.0,0.0,0.0,0.0,1.0,0.0,1.0,1.0,1.0,1.0,52.0,0.0,1.0,1.0,1.0,1470.0,355.0,0.0334,0.0,0.0,1.0,0.0,0.0,0.0,0.0,0.0,0,95,Benign
whois.identitydigital.gtm.iddg.io,33.0,0.0,3.5169,0.0,3.0,0.3793,0.6207,0.0,3.0,15.0,52.0,28.0,0.0,1.0,0.0,1470,355,1826,4,AS16509,0,1.0,1.0,1.0,1.0,1.0,1.0,1.0,0.0,0.0,0.0,0.0,0.0,1.0,0.0,1.0,1.0,1.0,1.0,52.0,0.0,1.0,1.0,1.0,1470.0,355.0,0.0334,0.0,0.0,1.0,0.0,0.0,0.0,0.0,0.0,0,95,Benign
whois.identitydigital.gtm.iddg.io,33.0,0.0,3.5169,0.0,3.0,0.3793,0.6207,0.0,3.0,15.0,52.0,5.0,0.0,1.0,0.0,1470,355,1826,4,AS16509,0,1.0,1.0,1.0,1.0,1.0,1.0,1.0,0.0,0.0,0.0,0.0,0.0,1.0,0.0,1.0,1.0,1.0,1.0,52.0,0.0,1.0,1.0,1.0,1470.0,355.0,0.0334,0.0,0.0,1.0,0.0,0.0,0.0,0.0,0.0,0,95,Benign
whois.identitydigital.gtm.iddg.io,33.0,0.0,3.5169,0.0,3.0,0.3793,0.6207,0.0,3.0,15.0,52.0,15.0,0.0,1.0,0.0,1470,355,1826,4,AS16509,0,1.0,1.0,1.0,1.0,1.0,1.0,1.0,0.0,0.0,0.0,0.0,0.0,1.0,0.0,1.0,1.0,1.0,1.0,52.0,0.0,1.0,1.0,1.0,1470.0,355.0,0.0334,0.0,0.0,1.0,0.0,0.0,0.0,0.0,0.0,0,95,Benign
whois.iana.org,14.0,0.0,3.2359,0.0,1.0,0.5,0.5,0.0,2.0,10.0,52.0,1.0,0.0,1.0,0.0,11393,480,11874,4,AS16876,0,1.0,1.0,1.0,1.0,1.0,1.0,1.0,0.0,0.0,0.0,0.0,0.0,1.0,0.0,1.0,1.0,1.0,1.0,52.0,0.0,1.0,1.0,1.0,11393.0,480.0,0.6005,0.0,0.0,1.0,0.0,0.0,0.0,0.0,0.0,0,95,Benign
whois.prod.usw2.name.systems,28.0,1.0,3.8213,0.0,3.0,0.3043,0.6957,1.0,4.0,17.0,51.0,1.0,0.0,1.0,0.0,-1,-1,-1.0,0,AS16509,0,1.0,1.0,1.0,1.0,1.0,1.0,1.0,0.0,0.0,0.0,0.0,0.0,1.0,0.0,1.0,1.0,1.0,1.0,51.0,0.0,1.0,1.0,0.0,0.0,0.0,0.0646,0.0,0.0,1.0,0.0,0.0,0.0,0.0,0.0,0,95,Benign
whois.prod.usw2.name.systems,28.0,1.0,3.8213,0.0,3.0,0.3043,0.6957,1.0,4.0,17.0,51.0,28.0,0.0,1.0,0.0,-1,-1,-1.0,0,AS16509,0,1.0,1.0,1.0,1.0,1.0,1.0,1.0,0.0,0.0,0.0,0.0,0.0,1.0,0.0,1.0,1.0,1.0,1.0,51.0,0.0,1.0,1.0,0.0,0.0,0.0,0.0646,0.0,0.0,1.0,0.0,0.0,0.0,0.0,0.0,0,95,Benign
whois.prod.usw2.name.systems,28.0,1.0,3.8213,0.0,3.0,0.3043,0.6957,1.0,4.0,17.0,51.0,5.0,0.0,1.0,0.0,-1,-1,-1.0,0,AS16509,0,1.0,1.0,1.0,1.0,1.0,1.0,1.0,0.0,0.0,0.0,0.0,0.0,1.0,0.0,1.0,1.0,1.0,1.0,51.0,0.0,1.0,1.0,0.0,0.0,0.0,0.0646,0.0,0.0,1.0,0.0,0.0,0.0,0.0,0.0,0,95,Benign
whois.prod.usw2.name.systems,28.0,1.0,3.8213,0.0,3.0,0.3043,0.6957,1.0,4.0,17.0,51.0,15.0,0.0,1.0,0.0,-1,-1,-1.0,0,AS16509,0,1.0,1.0,1.0,1.0,1.0,1.0,1.0,0.0,0.0,0.0,0.0,0.0,1.0,0.0,1.0,1.0,1.0,1.0,51.0,0.0,1.0,1.0,0.0,0.0,0.0,0.0646,0.0,0.0,1.0,0.0,0.0,0.0,0.0,0.0,0,95,Benign
connectivity-check.ubuntu.com,29.0,0.0,3.6899,1.0,1.0,0.3462,0.6538,0.0,2.0,15.0,19.0,1.0,0.0,1.0,0.0,8112,653,8766,3,AS41231,0,1.0,1.0,1.0,1.0,1.0,1.0,1.0,0.0,0.0,0.0,0.0,0.0,1.0,0.0,1.0,1.0,1.0,1.0,19.0,0.0,1.0,1.0,1.0,8112.0,653.0,0.4455,0.0,0.0,1.0,0.0,0.0,0.0,0.0,0.0,0,95,Benign
connectivity-check.ubuntu.com,29.0,0.0,3.6899,1.0,1.0,0.3462,0.6538,0.0,2.0,15.0,19.0,28.0,0.0,1.0,0.0,8112,653,8766,3,AS41231,0,1.0,1.0,1.0,1.0,1.0,1.0,1.0,0.0,0.0,0.0,0.0,0.0,1.0,0.0,1.0,1.0,1.0,1.0,19.0,0.0,1.0,1.0,1.0,8112.0,653.0,0.4455,0.0,0.0,1.0,0.0,0.0,0.0,0.0,0.0,0,95,Benign
_http._tcp.in.archive.ubuntu.com,32.0,0.0,3.7775,0.0,4.0,0.32,0.68,0.0,4.0,16.0,60.0,33.0,0.0,1.0,0.0,8112,653,8766,3,AS41231,0,1.0,1.0,1.0,1.0,1.0,1.0,1.0,0.0,0.0,0.0,0.0,0.0,1.0,0.0,1.0,1.0,1.0,1.0,60.0,0.0,1.0,1.0,1.0,8112.0,653.0,1.2481,0.0,0.0,1.0,0.0,0.0,0.0,0.0,0.0,0,95,Benign
_https._tcp.packages.fluentbit.io,33.0,0.0,3.9424,0.0,3.0,0.2963,0.7037,0.0,5.0,18.0,0.0,33.0,0.0,0.0,0.0,4120,262,4383,2,0,0,1.0,1.0,1.0,0.0,1.0,1.0,1.0,0.0,0.0,0.0,0.0,0.0,1.0,0.0,1.0,1.0,1.0,0.0,0.0,0.0,0.0,0.0,1.0,4120.0,262.0,2.4194,0.0,0.0,0.0,0.0,0.0,0.0,0.0,0.0,0,95,Benign
_http._tcp.security.ubuntu.com,30.0,0.0,3.6947,0.0,3.0,0.2917,0.7083,0.0,4.0,16.0,0.0,33.0,0.0,0.0,0.0,8112,653,8766,3,0,0,1.0,1.0,1.0,0.0,1.0,1.0,1.0,0.0,0.0,0.0,0.0,0.0,1.0,0.0,1.0,1.0,1.0,0.0,0.0,0.0,0.0,0.0,1.0,8112.0,653.0,2.1173,0.0,0.0,0.0,0.0,0.0,0.0,0.0,0.0,0,95,Benign
_https._tcp.ftp.postgresql.org,30.0,0.0,3.5614,0.0,3.0,0.125,0.875,0.0,5.0,14.0,0.0,33.0,0.0,0.0,0.0,10888,1163,12052,4,0,0,1.0,1.0,1.0,0.0,1.0,1.0,1.0,0.0,0.0,0.0,0.0,0.0,1.0,0.0,1.0,1.0,1.0,0.0,0.0,0.0,0.0,0.0,1.0,10888.0,1163.0,1.807,0.0,0.0,0.0,0.0,0.0,0.0,0.0,0.0,0,95,Benign
in.archive.ubuntu.com,21.0,0.0,3.6538,0.0,2.0,0.4444,0.5556,0.0,3.0,14.0,33.0,1.0,0.0,1.0,0.0,8112,653,8766,3,AS41231,0,1.0,1.0,1.0,1.0,1.0,1.0,1.0,0.0,0.0,0.0,0.0,0.0,1.0,0.0,1.0,1.0,1.0,1.0,33.0,0.0,1.0,1.0,1.0,8112.0,653.0,0.3584,0.0,0.0,1.0,0.0,0.0,0.0,0.0,0.0,0,95,Benign
in.archive.ubuntu.com,21.0,0.0,3.6538,0.0,2.0,0.4444,0.5556,0.0,3.0,14.0,33.0,28.0,0.0,1.0,0.0,8112,653,8766,3,AS41231,0,1.0,1.0,1.0,1.0,1.0,1.0,1.0,0.0,0.0,0.0,0.0,0.0,1.0,0.0,1.0,1.0,1.0,1.0,33.0,0.0,1.0,1.0,1.0,8112.0,653.0,0.3584,0.0,0.0,1.0,0.0,0.0,0.0,0.0,0.0,0,95,Benign
_http._tcp.in.archive.ubuntu.com,32.0,0.0,3.7775,0.0,4.0,0.32,0.68,0.0,4.0,16.0,60.0,1.0,0.0,1.0,0.0,8112,653,8766,3,AS41231,0,1.0,1.0,1.0,1.0,1.0,1.0,1.0,0.0,0.0,0.0,0.0,0.0,1.0,0.0,1.0,1.0,1.0,1.0,60.0,0.0,1.0,1.0,1.0,8112.0,653.0,1.2481,0.0,0.0,1.0,0.0,0.0,0.0,0.0,0.0,0,95,Benign
_https._tcp.motd.ubuntu.com,27.0,0.0,3.4821,0.0,3.0,0.2381,0.7619,0.0,5.0,13.0,0.0,33.0,0.0,0.0,0.0,8112,653,8766,3,0,0,1.0,1.0,1.0,0.0,1.0,1.0,1.0,0.0,0.0,0.0,0.0,0.0,1.0,0.0,1.0,1.0,1.0,0.0,0.0,0.0,0.0,0.0,1.0,8112.0,653.0,5.8628,0.0,0.0,0.0,0.0,0.0,0.0,0.0,0.0,0,95,Benign
_https._tcp.esm.ubuntu.com,26.0,0.0,3.5176,0.0,3.0,0.25,0.75,0.0,5.0,13.0,0.0,33.0,0.0,0.0,0.0,8112,653,8766,3,0,0,1.0,1.0,1.0,0.0,1.0,1.0,1.0,0.0,0.0,0.0,0.0,0.0,1.0,0.0,1.0,1.0,1.0,0.0,0.0,0.0,0.0,0.0,1.0,8112.0,653.0,4.2139,0.0,0.0,0.0,0.0,0.0,0.0,0.0,0.0,0,95,Benign
security.ubuntu.com,19.0,0.0,3.5111,0.0,1.0,0.4118,0.5882,0.0,2.0,13.0,26.0,1.0,0.0,1.0,0.0,8112,653,8766,3,AS41231,0,1.0,1.0,1.0,1.0,1.0,1.0,1.0,0.0,0.0,0.0,0.0,0.0,1.0,0.0,1.0,1.0,1.0,1.0,26.0,0.0,1.0,1.0,1.0,8112.0,653.0,0.3513,0.0,0.0,1.0,0.0,0.0,0.0,0.0,0.0,0,95,Benign
security.ubuntu.com,19.0,0.0,3.5111,0.0,1.0,0.4118,0.5882,0.0,2.0,13.0,26.0,28.0,0.0,1.0,0.0,8112,653,8766,3,AS41231,0,1.0,1.0,1.0,1.0,1.0,1.0,1.0,0.0,0.0,0.0,0.0,0.0,1.0,0.0,1.0,1.0,1.0,1.0,26.0,0.0,1.0,1.0,1.0,8112.0,653.0,0.3513,0.0,0.0,1.0,0.0,0.0,0.0,0.0,0.0,0,95,Benign
_http._tcp.in.archive.ubuntu.com,32.0,0.0,3.7775,0.0,4.0,0.32,0.68,0.0,4.0,16.0,60.0,28.0,0.0,1.0,0.0,8112,653,8766,3,AS41231,0,1.0,1.0,1.0,1.0,1.0,1.0,1.0,0.0,0.0,0.0,0.0,0.0,1.0,0.0,1.0,1.0,1.0,1.0,60.0,0.0,1.0,1.0,1.0,8112.0,653.0,1.2481,0.0,0.0,1.0,0.0,0.0,0.0,0.0,0.0,0,95,Benign
packages.fluentbit.io,21.0,0.0,3.9161,0.0,1.0,0.4211,0.5789,0.0,3.0,16.0,267.0,1.0,0.0,1.0,0.0,4120,262,4383,2,AS13335,0,1.0,1.0,1.0,1.0,1.0,1.0,1.0,0.0,0.0,0.0,0.0,0.0,1.0,0.0,1.0,1.0,1.0,1.0,267.0,0.0,1.0,1.0,1.0,4120.0,262.0,0.0726,0.0,0.0,1.0,0.0,0.0,0.0,0.0,0.0,0,95,Benign
packages.fluentbit.io,21.0,0.0,3.9161,0.0,1.0,0.4211,0.5789,0.0,3.0,16.0,267.0,28.0,0.0,1.0,0.0,4120,262,4383,2,AS13335,0,1.0,1.0,1.0,1.0,1.0,1.0,1.0,0.0,0.0,0.0,0.0,0.0,1.0,0.0,1.0,1.0,1.0,1.0,267.0,0.0,1.0,1.0,1.0,4120.0,262.0,0.0726,0.0,0.0,1.0,0.0,0.0,0.0,0.0,0.0,0,95,Benign
_http._tcp.in.archive.ubuntu.com,32.0,0.0,3.7775,0.0,4.0,0.32,0.68,0.0,4.0,16.0,60.0,5.0,0.0,1.0,0.0,8112,653,8766,3,AS41231,0,1.0,1.0,1.0,1.0,1.0,1.0,1.0,0.0,0.0,0.0,0.0,0.0,1.0,0.0,1.0,1.0,1.0,1.0,60.0,0.0,1.0,1.0,1.0,8112.0,653.0,1.2481,0.0,0.0,1.0,0.0,0.0,0.0,0.0,0.0,0,95,Benign
ftp.postgresql.org,18.0,0.0,3.3921,0.0,1.0,0.1875,0.8125,0.0,4.0,11.0,26.0,1.0,0.0,1.0,0.0,10888,1163,12052,4,AS54113,0,1.0,1.0,1.0,1.0,1.0,1.0,1.0,0.0,0.0,0.0,0.0,0.0,1.0,0.0,1.0,1.0,1.0,1.0,26.0,0.0,1.0,1.0,1.0,10888.0,1163.0,0.2513,0.0,0.0,1.0,0.0,0.0,0.0,0.0,0.0,0,95,Benign
ftp.postgresql.org,18.0,0.0,3.3921,0.0,1.0,0.1875,0.8125,0.0,4.0,11.0,26.0,28.0,0.0,1.0,0.0,10888,1163,12052,4,AS54113,0,1.0,1.0,1.0,1.0,1.0,1.0,1.0,0.0,0.0,0.0,0.0,0.0,1.0,0.0,1.0,1.0,1.0,1.0,26.0,0.0,1.0,1.0,1.0,10888.0,1163.0,0.2513,0.0,0.0,1.0,0.0,0.0,0.0,0.0,0.0,0,95,Benign
motd.ubuntu.com,15.0,0.0,3.0566,0.0,1.0,0.3846,0.6154,0.0,2.0,9.0,566.0,1.0,0.0,1.0,0.0,8112,653,8766,3,AS16509,0,1.0,1.0,1.0,1.0,1.0,1.0,1.0,0.0,0.0,0.0,0.0,0.0,1.0,0.0,1.0,1.0,1.0,1.0,566.0,0.0,1.0,1.0,1.0,8112.0,653.0,0.3347,0.0,0.0,1.0,0.0,0.0,0.0,0.0,0.0,0,95,Benign
motd.ubuntu.com,15.0,0.0,3.0566,0.0,1.0,0.3846,0.6154,0.0,2.0,9.0,566.0,28.0,0.0,1.0,0.0,8112,653,8766,3,AS16509,0,1.0,1.0,1.0,1.0,1.0,1.0,1.0,0.0,0.0,0.0,0.0,0.0,1.0,0.0,1.0,1.0,1.0,1.0,566.0,0.0,1.0,1.0,1.0,8112.0,653.0,0.3347,0.0,0.0,1.0,0.0,0.0,0.0,0.0,0.0,0,95,Benign
esm.ubuntu.com,14.0,0.0,3.182,0.0,1.0,0.4167,0.5833,0.0,2.0,10.0,25.0,1.0,0.0,1.0,0.0,8112,653,8766,3,AS41231,0,1.0,1.0,1.0,1.0,1.0,1.0,1.0,0.0,0.0,0.0,0.0,0.0,1.0,0.0,1.0,1.0,1.0,1.0,25.0,0.0,1.0,1.0,1.0,8112.0,653.0,0.3485,0.0,0.0,1.0,0.0,0.0,0.0,0.0,0.0,0,95,Benign
esm.ubuntu.com,14.0,0.0,3.182,0.0,1.0,0.4167,0.5833,0.0,2.0,10.0,25.0,28.0,0.0,1.0,0.0,8112,653,8766,3,AS41231,0,1.0,1.0,1.0,1.0,1.0,1.0,1.0,0.0,0.0,0.0,0.0,0.0,1.0,0.0,1.0,1.0,1.0,1.0,25.0,0.0,1.0,1.0,1.0,8112.0,653.0,0.3485,0.0,0.0,1.0,0.0,0.0,0.0,0.0,0.0,0,95,Benign
_http._tcp.in.archive.ubuntu.com,32.0,0.0,3.7775,0.0,4.0,0.32,0.68,0.0,4.0,16.0,60.0,15.0,0.0,1.0,0.0,8112,653,8766,3,AS41231,0,1.0,1.0,1.0,1.0,1.0,1.0,1.0,0.0,0.0,0.0,0.0,0.0,1.0,0.0,1.0,1.0,1.0,1.0,60.0,0.0,1.0,1.0,1.0,8112.0,653.0,1.2481,0.0,0.0,1.0,0.0,0.0,0.0,0.0,0.0,0,95,Benign
whois.iana.org,14.0,0.0,3.2359,0.0,1.0,0.5,0.5,0.0,2.0,10.0,52.0,1.0,0.0,1.0,0.0,11393,480,11874,4,AS16876,0,1.0,1.0,1.0,1.0,1.0,1.0,1.0,0.0,0.0,0.0,0.0,0.0,1.0,0.0,1.0,1.0,1.0,1.0,52.0,0.0,1.0,1.0,1.0,11393.0,480.0,0.6005,0.0,0.0,1.0,0.0,0.0,0.0,0.0,0.0,0,95,Benign
whois.nic.io,12.0,0.0,2.8554,0.0,1.0,0.5,0.5,0.0,2.0,8.0,55.0,1.0,0.0,1.0,0.0,8369,259,8629,4,AS16509,0,1.0,1.0,1.0,1.0,1.0,1.0,1.0,0.0,0.0,0.0,0.0,0.0,1.0,0.0,1.0,1.0,1.0,1.0,55.0,0.0,1.0,1.0,1.0,8369.0,259.0,0.0924,0.0,0.0,1.0,0.0,0.0,0.0,0.0,0.0,0,95,Benign
whois.namecheap.com,19.0,0.0,3.5111,0.0,1.0,0.4118,0.5882,0.0,2.0,12.0,15.0,1.0,0.0,1.0,0.0,9499,361,9861,6,AS16509,0,1.0,1.0,1.0,1.0,1.0,1.0,1.0,0.0,0.0,0.0,0.0,0.0,1.0,0.0,1.0,1.0,1.0,1.0,15.0,0.0,1.0,1.0,1.0,9499.0,361.0,0.0736,0.0,0.0,0.0,0.0,0.0,0.0,0.0,0.0,0,95,Benign
_https._tcp.packages.fluentbit.io,33.0,0.0,3.9424,0.0,3.0,0.2963,0.7037,0.0,5.0,18.0,0.0,1.0,0.0,0.0,0.0,4120,262,4383,2,0,0,1.0,1.0,1.0,0.0,1.0,1.0,1.0,0.0,0.0,0.0,0.0,0.0,1.0,0.0,1.0,1.0,1.0,0.0,0.0,0.0,0.0,0.0,1.0,4120.0,262.0,2.4194,0.0,0.0,0.0,0.0,0.0,0.0,0.0,0.0,0,95,Benign
_https._tcp.packages.fluentbit.io,33.0,0.0,3.9424,0.0,3.0,0.2963,0.7037,0.0,5.0,18.0,0.0,28.0,0.0,0.0,0.0,4120,262,4383,2,0,0,1.0,1.0,1.0,0.0,1.0,1.0,1.0,0.0,0.0,0.0,0.0,0.0,1.0,0.0,1.0,1.0,1.0,0.0,0.0,0.0,0.0,0.0,1.0,4120.0,262.0,2.4194,0.0,0.0,0.0,0.0,0.0,0.0,0.0,0.0,0,95,Benign
_https._tcp.packages.fluentbit.io,33.0,0.0,3.9424,0.0,3.0,0.2963,0.7037,0.0,5.0,18.0,0.0,5.0,0.0,0.0,0.0,4120,262,4383,2,0,0,1.0,1.0,1.0,0.0,1.0,1.0,1.0,0.0,0.0,0.0,0.0,0.0,1.0,0.0,1.0,1.0,1.0,0.0,0.0,0.0,0.0,0.0,1.0,4120.0,262.0,2.4194,0.0,0.0,0.0,0.0,0.0,0.0,0.0,0.0,0,95,Benign
_https._tcp.packages.fluentbit.io,33.0,0.0,3.9424,0.0,3.0,0.2963,0.7037,0.0,5.0,18.0,0.0,15.0,0.0,0.0,0.0,4120,262,4383,2,0,0,1.0,1.0,1.0,0.0,1.0,1.0,1.0,0.0,0.0,0.0,0.0,0.0,1.0,0.0,1.0,1.0,1.0,0.0,0.0,0.0,0.0,0.0,1.0,4120.0,262.0,2.4194,0.0,0.0,0.0,0.0,0.0,0.0,0.0,0.0,0,95,Benign
_http._tcp.security.ubuntu.com,30.0,0.0,3.6947,0.0,3.0,0.2917,0.7083,0.0,4.0,16.0,0.0,1.0,0.0,0.0,0.0,8112,653,8766,3,0,0,1.0,1.0,1.0,0.0,1.0,1.0,1.0,0.0,0.0,0.0,0.0,0.0,1.0,0.0,1.0,1.0,1.0,0.0,0.0,0.0,0.0,0.0,1.0,8112.0,653.0,2.1173,0.0,0.0,0.0,0.0,0.0,0.0,0.0,0.0,0,95,Benign
_http._tcp.security.ubuntu.com,30.0,0.0,3.6947,0.0,3.0,0.2917,0.7083,0.0,4.0,16.0,0.0,28.0,0.0,0.0,0.0,8112,653,8766,3,0,0,1.0,1.0,1.0,0.0,1.0,1.0,1.0,0.0,0.0,0.0,0.0,0.0,1.0,0.0,1.0,1.0,1.0,0.0,0.0,0.0,0.0,0.0,1.0,8112.0,653.0,2.1173,0.0,0.0,0.0,0.0,0.0,0.0,0.0,0.0,0,95,Benign
_http._tcp.security.ubuntu.com,30.0,0.0,3.6947,0.0,3.0,0.2917,0.7083,0.0,4.0,16.0,0.0,5.0,0.0,0.0,0.0,8112,653,8766,3,0,0,1.0,1.0,1.0,0.0,1.0,1.0,1.0,0.0,0.0,0.0,0.0,0.0,1.0,0.0,1.0,1.0,1.0,0.0,0.0,0.0,0.0,0.0,1.0,8112.0,653.0,2.1173,0.0,0.0,0.0,0.0,0.0,0.0,0.0,0.0,0,95,Benign
_http._tcp.security.ubuntu.com,30.0,0.0,3.6947,0.0,3.0,0.2917,0.7083,0.0,4.0,16.0,0.0,15.0,0.0,0.0,0.0,8112,653,8766,3,0,0,1.0,1.0,1.0,0.0,1.0,1.0,1.0,0.0,0.0,0.0,0.0,0.0,1.0,0.0,1.0,1.0,1.0,0.0,0.0,0.0,0.0,0.0,1.0,8112.0,653.0,2.1173,0.0,0.0,0.0,0.0,0.0,0.0,0.0,0.0,0,95,Benign
whois.iana.org,14.0,0.0,3.2359,0.0,1.0,0.5,0.5,0.0,2.0,10.0,52.0,1.0,0.0,1.0,0.0,11393,480,11874,4,AS16876,0,1.0,1.0,1.0,1.0,1.0,1.0,1.0,0.0,0.0,0.0,0.0,0.0,1.0,0.0,1.0,1.0,1.0,1.0,52.0,0.0,1.0,1.0,1.0,11393.0,480.0,0.6005,0.0,0.0,1.0,0.0,0.0,0.0,0.0,0.0,0,95,Benign
whois.publicinterestregistry.org,32.0,0.0,3.8667,0.0,1.0,0.3333,0.6667,0.0,4.0,17.0,1.0,1.0,0.0,1.0,0.0,8838,1023,9862,4,AS16509,0,1.0,1.0,1.0,1.0,1.0,1.0,1.0,0.0,0.0,0.0,0.0,0.0,1.0,0.0,1.0,1.0,1.0,1.0,1.0,0.0,1.0,1.0,1.0,8838.0,1023.0,0.2747,0.0,0.0,1.0,0.0,0.0,0.0,0.0,0.0,0,95,Benign
_https._tcp.ftp.postgresql.org,30.0,0.0,3.5614,0.0,3.0,0.125,0.875,0.0,5.0,14.0,0.0,1.0,0.0,0.0,0.0,10888,1163,12052,4,0,0,1.0,1.0,1.0,0.0,1.0,1.0,1.0,0.0,0.0,0.0,0.0,0.0,1.0,0.0,1.0,1.0,1.0,0.0,0.0,0.0,0.0,0.0,1.0,10888.0,1163.0,1.807,0.0,0.0,0.0,0.0,0.0,0.0,0.0,0.0,0,95,Benign
_https._tcp.ftp.postgresql.org,30.0,0.0,3.5614,0.0,3.0,0.125,0.875,0.0,5.0,14.0,0.0,28.0,0.0,0.0,0.0,10888,1163,12052,4,0,0,1.0,1.0,1.0,0.0,1.0,1.0,1.0,0.0,0.0,0.0,0.0,0.0,1.0,0.0,1.0,1.0,1.0,0.0,0.0,0.0,0.0,0.0,1.0,10888.0,1163.0,1.807,0.0,0.0,0.0,0.0,0.0,0.0,0.0,0.0,0,95,Benign
_https._tcp.ftp.postgresql.org,30.0,0.0,3.5614,0.0,3.0,0.125,0.875,0.0,5.0,14.0,0.0,5.0,0.0,0.0,0.0,10888,1163,12052,4,0,0,1.0,1.0,1.0,0.0,1.0,1.0,1.0,0.0,0.0,0.0,0.0,0.0,1.0,0.0,1.0,1.0,1.0,0.0,0.0,0.0,0.0,0.0,1.0,10888.0,1163.0,1.807,0.0,0.0,0.0,0.0,0.0,0.0,0.0,0.0,0,95,Benign
_https._tcp.ftp.postgresql.org,30.0,0.0,3.5614,0.0,3.0,0.125,0.875,0.0,5.0,14.0,0.0,15.0,0.0,0.0,0.0,10888,1163,12052,4,0,0,1.0,1.0,1.0,0.0,1.0,1.0,1.0,0.0,0.0,0.0,0.0,0.0,1.0,0.0,1.0,1.0,1.0,0.0,0.0,0.0,0.0,0.0,1.0,10888.0,1163.0,1.807,0.0,0.0,0.0,0.0,0.0,0.0,0.0,0.0,0,95,Benign
in.archive.ubuntu.com,21.0,0.0,3.6538,0.0,2.0,0.4444,0.5556,0.0,3.0,14.0,33.0,1.0,0.0,1.0,0.0,8112,653,8766,3,AS41231,0,1.0,1.0,1.0,1.0,1.0,1.0,1.0,0.0,0.0,0.0,0.0,0.0,1.0,0.0,1.0,1.0,1.0,1.0,33.0,0.0,1.0,1.0,1.0,8112.0,653.0,0.3584,0.0,0.0,1.0,0.0,0.0,0.0,0.0,0.0,0,95,Benign
in.archive.ubuntu.com,21.0,0.0,3.6538,0.0,2.0,0.4444,0.5556,0.0,3.0,14.0,33.0,28.0,0.0,1.0,0.0,8112,653,8766,3,AS41231,0,1.0,1.0,1.0,1.0,1.0,1.0,1.0,0.0,0.0,0.0,0.0,0.0,1.0,0.0,1.0,1.0,1.0,1.0,33.0,0.0,1.0,1.0,1.0,8112.0,653.0,0.3584,0.0,0.0,1.0,0.0,0.0,0.0,0.0,0.0,0,95,Benign
in.archive.ubuntu.com,21.0,0.0,3.6538,0.0,2.0,0.4444,0.5556,0.0,3.0,14.0,33.0,5.0,0.0,1.0,0.0,8112,653,8766,3,AS41231,0,1.0,1.0,1.0,1.0,1.0,1.0,1.0,0.0,0.0,0.0,0.0,0.0,1.0,0.0,1.0,1.0,1.0,1.0,33.0,0.0,1.0,1.0,1.0,8112.0,653.0,0.3584,0.0,0.0,1.0,0.0,0.0,0.0,0.0,0.0,0,95,Benign
in.archive.ubuntu.com,21.0,0.0,3.6538,0.0,2.0,0.4444,0.5556,0.0,3.0,14.0,33.0,15.0,0.0,1.0,0.0,8112,653,8766,3,AS41231,0,1.0,1.0,1.0,1.0,1.0,1.0,1.0,0.0,0.0,0.0,0.0,0.0,1.0,0.0,1.0,1.0,1.0,1.0,33.0,0.0,1.0,1.0,1.0,8112.0,653.0,0.3584,0.0,0.0,1.0,0.0,0.0,0.0,0.0,0.0,0,95,Benign
_https._tcp.motd.ubuntu.com,27.0,0.0,3.4821,0.0,3.0,0.2381,0.7619,0.0,5.0,13.0,0.0,1.0,0.0,0.0,0.0,8112,653,8766,3,0,0,1.0,1.0,1.0,0.0,1.0,1.0,1.0,0.0,0.0,0.0,0.0,0.0,1.0,0.0,1.0,1.0,1.0,0.0,0.0,0.0,0.0,0.0,1.0,8112.0,653.0,5.8628,0.0,0.0,0.0,0.0,0.0,0.0,0.0,0.0,0,95,Benign
_https._tcp.motd.ubuntu.com,27.0,0.0,3.4821,0.0,3.0,0.2381,0.7619,0.0,5.0,13.0,0.0,28.0,0.0,0.0,0.0,8112,653,8766,3,0,0,1.0,1.0,1.0,0.0,1.0,1.0,1.0,0.0,0.0,0.0,0.0,0.0,1.0,0.0,1.0,1.0,1.0,0.0,0.0,0.0,0.0,0.0,1.0,8112.0,653.0,5.8628,0.0,0.0,0.0,0.0,0.0,0.0,0.0,0.0,0,95,Benign
_https._tcp.motd.ubuntu.com,27.0,0.0,3.4821,0.0,3.0,0.2381,0.7619,0.0,5.0,13.0,0.0,5.0,0.0,0.0,0.0,8112,653,8766,3,0,0,1.0,1.0,1.0,0.0,1.0,1.0,1.0,0.0,0.0,0.0,0.0,0.0,1.0,0.0,1.0,1.0,1.0,0.0,0.0,0.0,0.0,0.0,1.0,8112.0,653.0,5.8628,0.0,0.0,0.0,0.0,0.0,0.0,0.0,0.0,0,95,Benign
_https._tcp.motd.ubuntu.com,27.0,0.0,3.4821,0.0,3.0,0.2381,0.7619,0.0,5.0,13.0,0.0,15.0,0.0,0.0,0.0,8112,653,8766,3,0,0,1.0,1.0,1.0,0.0,1.0,1.0,1.0,0.0,0.0,0.0,0.0,0.0,1.0,0.0,1.0,1.0,1.0,0.0,0.0,0.0,0.0,0.0,1.0,8112.0,653.0,5.8628,0.0,0.0,0.0,0.0,0.0,0.0,0.0,0.0,0,95,Benign
_https._tcp.esm.ubuntu.com,26.0,0.0,3.5176,0.0,3.0,0.25,0.75,0.0,5.0,13.0,0.0,1.0,0.0,0.0,0.0,8112,653,8766,3,0,0,1.0,1.0,1.0,0.0,1.0,1.0,1.0,0.0,0.0,0.0,0.0,0.0,1.0,0.0,1.0,1.0,1.0,0.0,0.0,0.0,0.0,0.0,1.0,8112.0,653.0,4.2139,0.0,0.0,0.0,0.0,0.0,0.0,0.0,0.0,0,95,Benign
_https._tcp.esm.ubuntu.com,26.0,0.0,3.5176,0.0,3.0,0.25,0.75,0.0,5.0,13.0,0.0,28.0,0.0,0.0,0.0,8112,653,8766,3,0,0,1.0,1.0,1.0,0.0,1.0,1.0,1.0,0.0,0.0,0.0,0.0,0.0,1.0,0.0,1.0,1.0,1.0,0.0,0.0,0.0,0.0,0.0,1.0,8112.0,653.0,4.2139,0.0,0.0,0.0,0.0,0.0,0.0,0.0,0.0,0,95,Benign
_https._tcp.esm.ubuntu.com,26.0,0.0,3.5176,0.0,3.0,0.25,0.75,0.0,5.0,13.0,0.0,5.0,0.0,0.0,0.0,8112,653,8766,3,0,0,1.0,1.0,1.0,0.0,1.0,1.0,1.0,0.0,0.0,0.0,0.0,0.0,1.0,0.0,1.0,1.0,1.0,0.0,0.0,0.0,0.0,0.0,1.0,8112.0,653.0,4.2139,0.0,0.0,0.0,0.0,0.0,0.0,0.0,0.0,0,95,Benign
_https._tcp.esm.ubuntu.com,26.0,0.0,3.5176,0.0,3.0,0.25,0.75,0.0,5.0,13.0,0.0,15.0,0.0,0.0,0.0,8112,653,8766,3,0,0,1.0,1.0,1.0,0.0,1.0,1.0,1.0,0.0,0.0,0.0,0.0,0.0,1.0,0.0,1.0,1.0,1.0,0.0,0.0,0.0,0.0,0.0,1.0,8112.0,653.0,4.2139,0.0,0.0,0.0,0.0,0.0,0.0,0.0,0.0,0,95,Benign
security.ubuntu.com,19.0,0.0,3.5111,0.0,1.0,0.4118,0.5882,0.0,2.0,13.0,26.0,1.0,0.0,1.0,0.0,8112,653,8766,3,AS41231,0,1.0,1.0,1.0,1.0,1.0,1.0,1.0,0.0,0.0,0.0,0.0,0.0,1.0,0.0,1.0,1.0,1.0,1.0,26.0,0.0,1.0,1.0,1.0,8112.0,653.0,0.3513,0.0,0.0,1.0,0.0,0.0,0.0,0.0,0.0,0,95,Benign
security.ubuntu.com,19.0,0.0,3.5111,0.0,1.0,0.4118,0.5882,0.0,2.0,13.0,26.0,28.0,0.0,1.0,0.0,8112,653,8766,3,AS41231,0,1.0,1.0,1.0,1.0,1.0,1.0,1.0,0.0,0.0,0.0,0.0,0.0,1.0,0.0,1.0,1.0,1.0,1.0,26.0,0.0,1.0,1.0,1.0,8112.0,653.0,0.3513,0.0,0.0,1.0,0.0,0.0,0.0,0.0,0.0,0,95,Benign
security.ubuntu.com,19.0,0.0,3.5111,0.0,1.0,0.4118,0.5882,0.0,2.0,13.0,26.0,5.0,0.0,1.0,0.0,8112,653,8766,3,AS41231,0,1.0,1.0,1.0,1.0,1.0,1.0,1.0,0.0,0.0,0.0,0.0,0.0,1.0,0.0,1.0,1.0,1.0,1.0,26.0,0.0,1.0,1.0,1.0,8112.0,653.0,0.3513,0.0,0.0,1.0,0.0,0.0,0.0,0.0,0.0,0,95,Benign
security.ubuntu.com,19.0,0.0,3.5111,0.0,1.0,0.4118,0.5882,0.0,2.0,13.0,26.0,15.0,0.0,1.0,0.0,8112,653,8766,3,AS41231,0,1.0,1.0,1.0,1.0,1.0,1.0,1.0,0.0,0.0,0.0,0.0,0.0,1.0,0.0,1.0,1.0,1.0,1.0,26.0,0.0,1.0,1.0,1.0,8112.0,653.0,0.3513,0.0,0.0,1.0,0.0,0.0,0.0,0.0,0.0,0,95,Benign
packages.fluentbit.io,21.0,0.0,3.9161,0.0,1.0,0.4211,0.5789,0.0,3.0,16.0,267.0,1.0,0.0,1.0,0.0,4120,262,4383,2,AS13335,0,1.0,1.0,1.0,1.0,1.0,1.0,1.0,0.0,0.0,0.0,0.0,0.0,1.0,0.0,1.0,1.0,1.0,1.0,267.0,0.0,1.0,1.0,1.0,4120.0,262.0,0.0726,0.0,0.0,1.0,0.0,0.0,0.0,0.0,0.0,0,95,Benign
packages.fluentbit.io,21.0,0.0,3.9161,0.0,1.0,0.4211,0.5789,0.0,3.0,16.0,267.0,28.0,0.0,1.0,0.0,4120,262,4383,2,AS13335,0,1.0,1.0,1.0,1.0,1.0,1.0,1.0,0.0,0.0,0.0,0.0,0.0,1.0,0.0,1.0,1.0,1.0,1.0,267.0,0.0,1.0,1.0,1.0,4120.0,262.0,0.0726,0.0,0.0,1.0,0.0,0.0,0.0,0.0,0.0,0,95,Benign
packages.fluentbit.io,21.0,0.0,3.9161,0.0,1.0,0.4211,0.5789,0.0,3.0,16.0,267.0,5.0,0.0,1.0,0.0,4120,262,4383,2,AS13335,0,1.0,1.0,1.0,1.0,1.0,1.0,1.0,0.0,0.0,0.0,0.0,0.0,1.0,0.0,1.0,1.0,1.0,1.0,267.0,0.0,1.0,1.0,1.0,4120.0,262.0,0.0726,0.0,0.0,1.0,0.0,0.0,0.0,0.0,0.0,0,95,Benign
packages.fluentbit.io,21.0,0.0,3.9161,0.0,1.0,0.4211,0.5789,0.0,3.0,16.0,267.0,15.0,0.0,1.0,0.0,4120,262,4383,2,AS13335,0,1.0,1.0,1.0,1.0,1.0,1.0,1.0,0.0,0.0,0.0,0.0,0.0,1.0,0.0,1.0,1.0,1.0,1.0,267.0,0.0,1.0,1.0,1.0,4120.0,262.0,0.0726,0.0,0.0,1.0,0.0,0.0,0.0,0.0,0.0,0,95,Benign
ftp.postgresql.org,18.0,0.0,3.3921,0.0,1.0,0.1875,0.8125,0.0,4.0,11.0,26.0,1.0,0.0,1.0,0.0,10888,1163,12052,4,AS54113,0,1.0,1.0,1.0,1.0,1.0,1.0,1.0,0.0,0.0,0.0,0.0,0.0,1.0,0.0,1.0,1.0,1.0,1.0,26.0,0.0,1.0,1.0,1.0,10888.0,1163.0,0.2513,0.0,0.0,1.0,0.0,0.0,0.0,0.0,0.0,0,95,Benign
ftp.postgresql.org,18.0,0.0,3.3921,0.0,1.0,0.1875,0.8125,0.0,4.0,11.0,26.0,28.0,0.0,1.0,0.0,10888,1163,12052,4,AS54113,0,1.0,1.0,1.0,1.0,1.0,1.0,1.0,0.0,0.0,0.0,0.0,0.0,1.0,0.0,1.0,1.0,1.0,1.0,26.0,0.0,1.0,1.0,1.0,10888.0,1163.0,0.2513,0.0,0.0,1.0,0.0,0.0,0.0,0.0,0.0,0,95,Benign
ftp.postgresql.org,18.0,0.0,3.3921,0.0,1.0,0.1875,0.8125,0.0,4.0,11.0,26.0,5.0,0.0,1.0,0.0,10888,1163,12052,4,AS54113,0,1.0,1.0,1.0,1.0,1.0,1.0,1.0,0.0,0.0,0.0,0.0,0.0,1.0,0.0,1.0,1.0,1.0,1.0,26.0,0.0,1.0,1.0,1.0,10888.0,1163.0,0.2513,0.0,0.0,1.0,0.0,0.0,0.0,0.0,0.0,0,95,Benign
ftp.postgresql.org,18.0,0.0,3.3921,0.0,1.0,0.1875,0.8125,0.0,4.0,11.0,26.0,15.0,0.0,1.0,0.0,10888,1163,12052,4,AS54113,0,1.0,1.0,1.0,1.0,1.0,1.0,1.0,0.0,0.0,0.0,0.0,0.0,1.0,0.0,1.0,1.0,1.0,1.0,26.0,0.0,1.0,1.0,1.0,10888.0,1163.0,0.2513,0.0,0.0,1.0,0.0,0.0,0.0,0.0,0.0,0,95,Benign
dualstack.t.sni.global.fastly.net,33.0,0.0,3.7606,0.0,4.0,0.2857,0.7143,0.0,4.0,17.0,8.0,15.0,0.0,1.0,0.0,5597,246,5844,4,AS54113,0,1.0,1.0,1.0,1.0,1.0,1.0,1.0,0.0,0.0,0.0,0.0,0.0,1.0,0.0,1.0,1.0,1.0,1.0,8.0,0.0,1.0,1.0,1.0,5597.0,246.0,0.0258,0.0,0.0,1.0,0.0,0.0,0.0,0.0,0.0,0,95,Benign
motd.ubuntu.com,15.0,0.0,3.0566,0.0,1.0,0.3846,0.6154,0.0,2.0,9.0,566.0,1.0,0.0,1.0,0.0,8112,653,8766,3,AS16509,0,1.0,1.0,1.0,1.0,1.0,1.0,1.0,0.0,0.0,0.0,0.0,0.0,1.0,0.0,1.0,1.0,1.0,1.0,566.0,0.0,1.0,1.0,1.0,8112.0,653.0,0.3347,0.0,0.0,1.0,0.0,0.0,0.0,0.0,0.0,0,95,Benign
motd.ubuntu.com,15.0,0.0,3.0566,0.0,1.0,0.3846,0.6154,0.0,2.0,9.0,566.0,28.0,0.0,1.0,0.0,8112,653,8766,3,AS16509,0,1.0,1.0,1.0,1.0,1.0,1.0,1.0,0.0,0.0,0.0,0.0,0.0,1.0,0.0,1.0,1.0,1.0,1.0,566.0,0.0,1.0,1.0,1.0,8112.0,653.0,0.3347,0.0,0.0,1.0,0.0,0.0,0.0,0.0,0.0,0,95,Benign
motd.ubuntu.com,15.0,0.0,3.0566,0.0,1.0,0.3846,0.6154,0.0,2.0,9.0,566.0,5.0,0.0,1.0,0.0,8112,653,8766,3,AS16509,0,1.0,1.0,1.0,1.0,1.0,1.0,1.0,0.0,0.0,0.0,0.0,0.0,1.0,0.0,1.0,1.0,1.0,1.0,566.0,0.0,1.0,1.0,1.0,8112.0,653.0,0.3347,0.0,0.0,1.0,0.0,0.0,0.0,0.0,0.0,0,95,Benign
motd.ubuntu.com,15.0,0.0,3.0566,0.0,1.0,0.3846,0.6154,0.0,2.0,9.0,566.0,15.0,0.0,1.0,0.0,8112,653,8766,3,AS16509,0,1.0,1.0,1.0,1.0,1.0,1.0,1.0,0.0,0.0,0.0,0.0,0.0,1.0,0.0,1.0,1.0,1.0,1.0,566.0,0.0,1.0,1.0,1.0,8112.0,653.0,0.3347,0.0,0.0,1.0,0.0,0.0,0.0,0.0,0.0,0,95,Benign
esm.ubuntu.com,14.0,0.0,3.182,0.0,1.0,0.4167,0.5833,0.0,2.0,10.0,25.0,1.0,0.0,1.0,0.0,8112,653,8766,3,AS41231,0,1.0,1.0,1.0,1.0,1.0,1.0,1.0,0.0,0.0,0.0,0.0,0.0,1.0,0.0,1.0,1.0,1.0,1.0,25.0,0.0,1.0,1.0,1.0,8112.0,653.0,0.3485,0.0,0.0,1.0,0.0,0.0,0.0,0.0,0.0,0,95,Benign
esm.ubuntu.com,14.0,0.0,3.182,0.0,1.0,0.4167,0.5833,0.0,2.0,10.0,25.0,28.0,0.0,1.0,0.0,8112,653,8766,3,AS41231,0,1.0,1.0,1.0,1.0,1.0,1.0,1.0,0.0,0.0,0.0,0.0,0.0,1.0,0.0,1.0,1.0,1.0,1.0,25.0,0.0,1.0,1.0,1.0,8112.0,653.0,0.3485,0.0,0.0,1.0,0.0,0.0,0.0,0.0,0.0,0,95,Benign
esm.ubuntu.com,14.0,0.0,3.182,0.0,1.0,0.4167,0.5833,0.0,2.0,10.0,25.0,5.0,0.0,1.0,0.0,8112,653,8766,3,AS41231,0,1.0,1.0,1.0,1.0,1.0,1.0,1.0,0.0,0.0,0.0,0.0,0.0,1.0,0.0,1.0,1.0,1.0,1.0,25.0,0.0,1.0,1.0,1.0,8112.0,653.0,0.3485,0.0,0.0,1.0,0.0,0.0,0.0,0.0,0.0,0,95,Benign
esm.ubuntu.com,14.0,0.0,3.182,0.0,1.0,0.4167,0.5833,0.0,2.0,10.0,25.0,15.0,0.0,1.0,0.0,8112,653,8766,3,AS41231,0,1.0,1.0,1.0,1.0,1.0,1.0,1.0,0.0,0.0,0.0,0.0,0.0,1.0,0.0,1.0,1.0,1.0,1.0,25.0,0.0,1.0,1.0,1.0,8112.0,653.0,0.3485,0.0,0.0,1.0,0.0,0.0,0.0,0.0,0.0,0,95,Benign
whois.iana.org,14.0,0.0,3.2359,0.0,1.0,0.5,0.5,0.0,2.0,10.0,52.0,1.0,0.0,1.0,0.0,11393,480,11874,4,AS16876,0,1.0,1.0,1.0,1.0,1.0,1.0,1.0,0.0,0.0,0.0,0.0,0.0,1.0,0.0,1.0,1.0,1.0,1.0,52.0,0.0,1.0,1.0,1.0,11393.0,480.0,0.6005,0.0,0.0,1.0,0.0,0.0,0.0,0.0,0.0,0,95,Benign
whois.verisign-grs.com,22.0,0.0,3.6635,1.0,1.0,0.3158,0.6842,0.0,3.0,14.0,10.0,1.0,0.0,1.0,0.0,9471,24,9496,4,AS397203,0,1.0,1.0,1.0,1.0,1.0,1.0,1.0,0.0,0.0,0.0,0.0,0.0,1.0,0.0,1.0,1.0,1.0,1.0,10.0,0.0,1.0,1.0,1.0,9471.0,24.0,0.3469,0.0,0.0,1.0,0.0,0.0,0.0,0.0,0.0,0,95,Benign
whois.namecheap.com,19.0,0.0,3.5111,0.0,1.0,0.4118,0.5882,0.0,2.0,12.0,15.0,1.0,0.0,1.0,0.0,9499,361,9861,6,AS16509,0,1.0,1.0,1.0,1.0,1.0,1.0,1.0,0.0,0.0,0.0,0.0,0.0,1.0,0.0,1.0,1.0,1.0,1.0,15.0,0.0,1.0,1.0,1.0,9499.0,361.0,0.0736,0.0,0.0,0.0,0.0,0.0,0.0,0.0,0.0,0,95,Benign
whois.namecheap.com,19.0,0.0,3.5111,0.0,1.0,0.4118,0.5882,0.0,2.0,12.0,15.0,1.0,0.0,1.0,0.0,9499,361,9861,6,AS16509,0,1.0,1.0,1.0,1.0,1.0,1.0,1.0,0.0,0.0,0.0,0.0,0.0,1.0,0.0,1.0,1.0,1.0,1.0,15.0,0.0,1.0,1.0,1.0,9499.0,361.0,0.0736,0.0,0.0,0.0,0.0,0.0,0.0,0.0,0.0,0,95,Benign
whois.namecheap.com,19.0,0.0,3.5111,0.0,1.0,0.4118,0.5882,0.0,2.0,12.0,15.0,28.0,0.0,1.0,0.0,9499,361,9861,6,AS16509,0,1.0,1.0,1.0,1.0,1.0,1.0,1.0,0.0,0.0,0.0,0.0,0.0,1.0,0.0,1.0,1.0,1.0,1.0,15.0,0.0,1.0,1.0,1.0,9499.0,361.0,0.0736,0.0,0.0,0.0,0.0,0.0,0.0,0.0,0.0,0,95,Benign
nlb-external-whois-production-902cc10e8312e6e8.elb.us-west-1.amazonaws.com,74.0,12.0,4.5636,6.0,3.0,0.3846,0.6154,4.0,3.0,28.0,8.0,28.0,0.0,1.0,0.0,7666,154,7821,4,AS16509,0,1.0,1.0,1.0,1.0,1.0,1.0,1.0,0.0,0.0,0.0,0.0,0.0,1.0,0.0,1.0,1.0,1.0,1.0,8.0,0.0,1.0,1.0,1.0,7666.0,154.0,0.0676,0.0,0.0,0.0,0.0,0.0,0.0,0.0,0.0,0,95,Benign
whois.namecheap.com,19.0,0.0,3.5111,0.0,1.0,0.4118,0.5882,0.0,2.0,12.0,15.0,5.0,0.0,1.0,0.0,9499,361,9861,6,AS16509,0,1.0,1.0,1.0,1.0,1.0,1.0,1.0,0.0,0.0,0.0,0.0,0.0,1.0,0.0,1.0,1.0,1.0,1.0,15.0,0.0,1.0,1.0,1.0,9499.0,361.0,0.0736,0.0,0.0,0.0,0.0,0.0,0.0,0.0,0.0,0,95,Benign
whois.namecheap.com,19.0,0.0,3.5111,0.0,1.0,0.4118,0.5882,0.0,2.0,12.0,15.0,15.0,0.0,1.0,0.0,9499,361,9861,6,AS16509,0,1.0,1.0,1.0,1.0,1.0,1.0,1.0,0.0,0.0,0.0,0.0,0.0,1.0,0.0,1.0,1.0,1.0,1.0,15.0,0.0,1.0,1.0,1.0,9499.0,361.0,0.0736,0.0,0.0,0.0,0.0,0.0,0.0,0.0,0.0,0,95,Benign
nlb-external-whois-production-902cc10e8312e6e8.elb.us-west-1.amazonaws.com,74.0,12.0,4.5636,6.0,3.0,0.3846,0.6154,4.0,3.0,28.0,8.0,15.0,0.0,1.0,0.0,7666,154,7821,4,AS16509,0,1.0,1.0,1.0,1.0,1.0,1.0,1.0,0.0,0.0,0.0,0.0,0.0,1.0,0.0,1.0,1.0,1.0,1.0,8.0,0.0,1.0,1.0,1.0,7666.0,154.0,0.0676,0.0,0.0,0.0,0.0,0.0,0.0,0.0,0.0,0,95,Benign
whois.iana.org,14.0,0.0,3.2359,0.0,1.0,0.5,0.5,0.0,2.0,10.0,52.0,1.0,0.0,1.0,0.0,11393,480,11874,4,AS16876,0,1.0,1.0,1.0,1.0,1.0,1.0,1.0,0.0,0.0,0.0,0.0,0.0,1.0,0.0,1.0,1.0,1.0,1.0,52.0,0.0,1.0,1.0,1.0,11393.0,480.0,0.6005,0.0,0.0,1.0,0.0,0.0,0.0,0.0,0.0,0,95,Benign
whois.verisign-grs.com,22.0,0.0,3.6635,1.0,1.0,0.3158,0.6842,0.0,3.0,14.0,10.0,1.0,0.0,1.0,0.0,9471,24,9496,4,AS397203,0,1.0,1.0,1.0,1.0,1.0,1.0,1.0,0.0,0.0,0.0,0.0,0.0,1.0,0.0,1.0,1.0,1.0,1.0,10.0,0.0,1.0,1.0,1.0,9471.0,24.0,0.3469,0.0,0.0,1.0,0.0,0.0,0.0,0.0,0.0,0,95,Benign
whois.markmonitor.com,21.0,0.0,3.4992,0.0,1.0,0.3684,0.6316,0.0,3.0,13.0,38.0,1.0,0.0,1.0,0.0,9975,2078,12054,9,AS16509,0,1.0,1.0,1.0,1.0,1.0,1.0,1.0,0.0,0.0,0.0,0.0,0.0,1.0,0.0,1.0,1.0,1.0,1.0,38.0,0.0,1.0,1.0,1.0,9975.0,2078.0,0.1083,0.0,0.0,0.0,0.0,0.0,0.0,0.0,0.0,0,95,Benign
dualstack.t.sni.global.fastly.net,33.0,0.0,3.7606,0.0,4.0,0.2857,0.7143,0.0,4.0,17.0,8.0,1.0,0.0,1.0,0.0,5597,246,5844,4,AS54113,0,1.0,1.0,1.0,1.0,1.0,1.0,1.0,0.0,0.0,0.0,0.0,0.0,1.0,0.0,1.0,1.0,1.0,1.0,8.0,0.0,1.0,1.0,1.0,5597.0,246.0,0.0258,0.0,0.0,1.0,0.0,0.0,0.0,0.0,0.0,0,95,Benign
dualstack.t.sni.global.fastly.net,33.0,0.0,3.7606,0.0,4.0,0.2857,0.7143,0.0,4.0,17.0,8.0,28.0,0.0,1.0,0.0,5597,246,5844,4,AS54113,0,1.0,1.0,1.0,1.0,1.0,1.0,1.0,0.0,0.0,0.0,0.0,0.0,1.0,0.0,1.0,1.0,1.0,1.0,8.0,0.0,1.0,1.0,1.0,5597.0,246.0,0.0258,0.0,0.0,1.0,0.0,0.0,0.0,0.0,0.0,0,95,Benign
dualstack.t.sni.global.fastly.net,33.0,0.0,3.7606,0.0,4.0,0.2857,0.7143,0.0,4.0,17.0,8.0,5.0,0.0,1.0,0.0,5597,246,5844,4,AS54113,0,1.0,1.0,1.0,1.0,1.0,1.0,1.0,0.0,0.0,0.0,0.0,0.0,1.0,0.0,1.0,1.0,1.0,1.0,8.0,0.0,1.0,1.0,1.0,5597.0,246.0,0.0258,0.0,0.0,1.0,0.0,0.0,0.0,0.0,0.0,0,95,Benign
dualstack.t.sni.global.fastly.net,33.0,0.0,3.7606,0.0,4.0,0.2857,0.7143,0.0,4.0,17.0,8.0,15.0,0.0,1.0,0.0,5597,246,5844,4,AS54113,0,1.0,1.0,1.0,1.0,1.0,1.0,1.0,0.0,0.0,0.0,0.0,0.0,1.0,0.0,1.0,1.0,1.0,1.0,8.0,0.0,1.0,1.0,1.0,5597.0,246.0,0.0258,0.0,0.0,1.0,0.0,0.0,0.0,0.0,0.0,0,95,Benign
whois.iana.org,14.0,0.0,3.2359,0.0,1.0,0.5,0.5,0.0,2.0,10.0,52.0,1.0,0.0,1.0,0.0,11393,480,11874,4,AS16876,0,1.0,1.0,1.0,1.0,1.0,1.0,1.0,0.0,0.0,0.0,0.0,0.0,1.0,0.0,1.0,1.0,1.0,1.0,52.0,0.0,1.0,1.0,1.0,11393.0,480.0,0.6005,0.0,0.0,1.0,0.0,0.0,0.0,0.0,0.0,0,95,Benign
whois.verisign-grs.com,22.0,0.0,3.6635,1.0,1.0,0.3158,0.6842,0.0,3.0,14.0,10.0,1.0,0.0,1.0,0.0,9471,24,9496,4,AS397203,0,1.0,1.0,1.0,1.0,1.0,1.0,1.0,0.0,0.0,0.0,0.0,0.0,1.0,0.0,1.0,1.0,1.0,1.0,10.0,0.0,1.0,1.0,1.0,9471.0,24.0,0.3469,0.0,0.0,1.0,0.0,0.0,0.0,0.0,0.0,0,95,Benign
whois.markmonitor.com,21.0,0.0,3.4992,0.0,1.0,0.3684,0.6316,0.0,3.0,13.0,38.0,1.0,0.0,1.0,0.0,9975,2078,12054,9,AS16509,0,1.0,1.0,1.0,1.0,1.0,1.0,1.0,0.0,0.0,0.0,0.0,0.0,1.0,0.0,1.0,1.0,1.0,1.0,38.0,0.0,1.0,1.0,1.0,9975.0,2078.0,0.1083,0.0,0.0,0.0,0.0,0.0,0.0,0.0,0.0,0,95,Benign
nlb-external-whois-production-902cc10e8312e6e8.elb.us-west-1.amazonaws.com,74.0,12.0,4.5636,6.0,3.0,0.3846,0.6154,4.0,3.0,28.0,8.0,1.0,0.0,1.0,0.0,7666,154,7821,4,AS16509,0,1.0,1.0,1.0,1.0,1.0,1.0,1.0,0.0,0.0,0.0,0.0,0.0,1.0,0.0,1.0,1.0,1.0,1.0,8.0,0.0,1.0,1.0,1.0,7666.0,154.0,0.0676,0.0,0.0,0.0,0.0,0.0,0.0,0.0,0.0,0,95,Benign
nlb-external-whois-production-902cc10e8312e6e8.elb.us-west-1.amazonaws.com,74.0,12.0,4.5636,6.0,3.0,0.3846,0.6154,4.0,3.0,28.0,8.0,28.0,0.0,1.0,0.0,7666,154,7821,4,AS16509,0,1.0,1.0,1.0,1.0,1.0,1.0,1.0,0.0,0.0,0.0,0.0,0.0,1.0,0.0,1.0,1.0,1.0,1.0,8.0,0.0,1.0,1.0,1.0,7666.0,154.0,0.0676,0.0,0.0,0.0,0.0,0.0,0.0,0.0,0.0,0,95,Benign
nlb-external-whois-production-902cc10e8312e6e8.elb.us-west-1.amazonaws.com,74.0,12.0,4.5636,6.0,3.0,0.3846,0.6154,4.0,3.0,28.0,8.0,5.0,0.0,1.0,0.0,7666,154,7821,4,AS16509,0,1.0,1.0,1.0,1.0,1.0,1.0,1.0,0.0,0.0,0.0,0.0,0.0,1.0,0.0,1.0,1.0,1.0,1.0,8.0,0.0,1.0,1.0,1.0,7666.0,154.0,0.0676,0.0,0.0,0.0,0.0,0.0,0.0,0.0,0.0,0,95,Benign
nlb-external-whois-production-902cc10e8312e6e8.elb.us-west-1.amazonaws.com,74.0,12.0,4.5636,6.0,3.0,0.3846,0.6154,4.0,3.0,28.0,8.0,15.0,0.0,1.0,0.0,7666,154,7821,4,AS16509,0,1.0,1.0,1.0,1.0,1.0,1.0,1.0,0.0,0.0,0.0,0.0,0.0,1.0,0.0,1.0,1.0,1.0,1.0,8.0,0.0,1.0,1.0,1.0,7666.0,154.0,0.0676,0.0,0.0,0.0,0.0,0.0,0.0,0.0,0.0,0,95,Benign
_https._tcp.packages.fluentbit.io,33.0,0.0,3.9424,0.0,3.0,0.2963,0.7037,0.0,5.0,18.0,0.0,33.0,0.0,0.0,0.0,4120,262,4383,2,0,0,1.0,1.0,1.0,0.0,1.0,1.0,1.0,0.0,0.0,0.0,0.0,0.0,1.0,0.0,1.0,1.0,1.0,0.0,0.0,0.0,0.0,0.0,1.0,4120.0,262.0,2.4194,0.0,0.0,0.0,0.0,0.0,0.0,0.0,0.0,0,95,Benign
_https._tcp.ftp.postgresql.org,30.0,0.0,3.5614,0.0,3.0,0.125,0.875,0.0,5.0,14.0,0.0,33.0,0.0,0.0,0.0,10888,1163,12052,4,0,0,1.0,1.0,1.0,0.0,1.0,1.0,1.0,0.0,0.0,0.0,0.0,0.0,1.0,0.0,1.0,1.0,1.0,0.0,0.0,0.0,0.0,0.0,1.0,10888.0,1163.0,1.807,0.0,0.0,0.0,0.0,0.0,0.0,0.0,0.0,0,95,Benign
_http._tcp.in.archive.ubuntu.com,32.0,0.0,3.7775,0.0,4.0,0.32,0.68,0.0,4.0,16.0,60.0,33.0,0.0,1.0,0.0,8112,653,8766,3,AS41231,0,1.0,1.0,1.0,1.0,1.0,1.0,1.0,0.0,0.0,0.0,0.0,0.0,1.0,0.0,1.0,1.0,1.0,1.0,60.0,0.0,1.0,1.0,1.0,8112.0,653.0,1.2481,0.0,0.0,1.0,0.0,0.0,0.0,0.0,0.0,0,95,Benign
_http._tcp.security.ubuntu.com,30.0,0.0,3.6947,0.0,3.0,0.2917,0.7083,0.0,4.0,16.0,0.0,33.0,0.0,0.0,0.0,8112,653,8766,3,0,0,1.0,1.0,1.0,0.0,1.0,1.0,1.0,0.0,0.0,0.0,0.0,0.0,1.0,0.0,1.0,1.0,1.0,0.0,0.0,0.0,0.0,0.0,1.0,8112.0,653.0,2.1173,0.0,0.0,0.0,0.0,0.0,0.0,0.0,0.0,0,95,Benign
packages.fluentbit.io,21.0,0.0,3.9161,0.0,1.0,0.4211,0.5789,0.0,3.0,16.0,267.0,1.0,0.0,1.0,0.0,4120,262,4383,2,AS13335,0,1.0,1.0,1.0,1.0,1.0,1.0,1.0,0.0,0.0,0.0,0.0,0.0,1.0,0.0,1.0,1.0,1.0,1.0,267.0,0.0,1.0,1.0,1.0,4120.0,262.0,0.0726,0.0,0.0,1.0,0.0,0.0,0.0,0.0,0.0,0,95,Benign
packages.fluentbit.io,21.0,0.0,3.9161,0.0,1.0,0.4211,0.5789,0.0,3.0,16.0,267.0,28.0,0.0,1.0,0.0,4120,262,4383,2,AS13335,0,1.0,1.0,1.0,1.0,1.0,1.0,1.0,0.0,0.0,0.0,0.0,0.0,1.0,0.0,1.0,1.0,1.0,1.0,267.0,0.0,1.0,1.0,1.0,4120.0,262.0,0.0726,0.0,0.0,1.0,0.0,0.0,0.0,0.0,0.0,0,95,Benign
in.archive.ubuntu.com,21.0,0.0,3.6538,0.0,2.0,0.4444,0.5556,0.0,3.0,14.0,33.0,1.0,0.0,1.0,0.0,8112,653,8766,3,AS41231,0,1.0,1.0,1.0,1.0,1.0,1.0,1.0,0.0,0.0,0.0,0.0,0.0,1.0,0.0,1.0,1.0,1.0,1.0,33.0,0.0,1.0,1.0,1.0,8112.0,653.0,0.3584,0.0,0.0,1.0,0.0,0.0,0.0,0.0,0.0,0,95,Benign
in.archive.ubuntu.com,21.0,0.0,3.6538,0.0,2.0,0.4444,0.5556,0.0,3.0,14.0,33.0,28.0,0.0,1.0,0.0,8112,653,8766,3,AS41231,0,1.0,1.0,1.0,1.0,1.0,1.0,1.0,0.0,0.0,0.0,0.0,0.0,1.0,0.0,1.0,1.0,1.0,1.0,33.0,0.0,1.0,1.0,1.0,8112.0,653.0,0.3584,0.0,0.0,1.0,0.0,0.0,0.0,0.0,0.0,0,95,Benign
ftp.postgresql.org,18.0,0.0,3.3921,0.0,1.0,0.1875,0.8125,0.0,4.0,11.0,26.0,1.0,0.0,1.0,0.0,10888,1163,12052,4,AS54113,0,1.0,1.0,1.0,1.0,1.0,1.0,1.0,0.0,0.0,0.0,0.0,0.0,1.0,0.0,1.0,1.0,1.0,1.0,26.0,0.0,1.0,1.0,1.0,10888.0,1163.0,0.2513,0.0,0.0,1.0,0.0,0.0,0.0,0.0,0.0,0,95,Benign
ftp.postgresql.org,18.0,0.0,3.3921,0.0,1.0,0.1875,0.8125,0.0,4.0,11.0,26.0,28.0,0.0,1.0,0.0,10888,1163,12052,4,AS54113,0,1.0,1.0,1.0,1.0,1.0,1.0,1.0,0.0,0.0,0.0,0.0,0.0,1.0,0.0,1.0,1.0,1.0,1.0,26.0,0.0,1.0,1.0,1.0,10888.0,1163.0,0.2513,0.0,0.0,1.0,0.0,0.0,0.0,0.0,0.0,0,95,Benign
security.ubuntu.com,19.0,0.0,3.5111,0.0,1.0,0.4118,0.5882,0.0,2.0,13.0,26.0,1.0,0.0,1.0,0.0,8112,653,8766,3,AS41231,0,1.0,1.0,1.0,1.0,1.0,1.0,1.0,0.0,0.0,0.0,0.0,0.0,1.0,0.0,1.0,1.0,1.0,1.0,26.0,0.0,1.0,1.0,1.0,8112.0,653.0,0.3513,0.0,0.0,1.0,0.0,0.0,0.0,0.0,0.0,0,95,Benign
security.ubuntu.com,19.0,0.0,3.5111,0.0,1.0,0.4118,0.5882,0.0,2.0,13.0,26.0,28.0,0.0,1.0,0.0,8112,653,8766,3,AS41231,0,1.0,1.0,1.0,1.0,1.0,1.0,1.0,0.0,0.0,0.0,0.0,0.0,1.0,0.0,1.0,1.0,1.0,1.0,26.0,0.0,1.0,1.0,1.0,8112.0,653.0,0.3513,0.0,0.0,1.0,0.0,0.0,0.0,0.0,0.0,0,95,Benign
_https._tcp.esm.ubuntu.com,26.0,0.0,3.5176,0.0,3.0,0.25,0.75,0.0,5.0,13.0,0.0,33.0,0.0,0.0,0.0,8112,653,8766,3,0,0,1.0,1.0,1.0,0.0,1.0,1.0,1.0,0.0,0.0,0.0,0.0,0.0,1.0,0.0,1.0,1.0,1.0,0.0,0.0,0.0,0.0,0.0,1.0,8112.0,653.0,4.2139,0.0,0.0,0.0,0.0,0.0,0.0,0.0,0.0,0,95,Benign
esm.ubuntu.com,14.0,0.0,3.182,0.0,1.0,0.4167,0.5833,0.0,2.0,10.0,25.0,1.0,0.0,1.0,0.0,8112,653,8766,3,AS41231,0,1.0,1.0,1.0,1.0,1.0,1.0,1.0,0.0,0.0,0.0,0.0,0.0,1.0,0.0,1.0,1.0,1.0,1.0,25.0,0.0,1.0,1.0,1.0,8112.0,653.0,0.3485,0.0,0.0,1.0,0.0,0.0,0.0,0.0,0.0,0,95,Benign
esm.ubuntu.com,14.0,0.0,3.182,0.0,1.0,0.4167,0.5833,0.0,2.0,10.0,25.0,28.0,0.0,1.0,0.0,8112,653,8766,3,AS41231,0,1.0,1.0,1.0,1.0,1.0,1.0,1.0,0.0,0.0,0.0,0.0,0.0,1.0,0.0,1.0,1.0,1.0,1.0,25.0,0.0,1.0,1.0,1.0,8112.0,653.0,0.3485,0.0,0.0,1.0,0.0,0.0,0.0,0.0,0.0,0,95,Benign
connectivity-check.ubuntu.com,29.0,0.0,3.6899,1.0,1.0,0.3462,0.6538,0.0,2.0,15.0,19.0,1.0,0.0,1.0,0.0,8112,653,8766,3,AS41231,0,1.0,1.0,1.0,1.0,1.0,1.0,1.0,0.0,0.0,0.0,0.0,0.0,1.0,0.0,1.0,1.0,1.0,1.0,19.0,0.0,1.0,1.0,1.0,8112.0,653.0,0.4455,0.0,0.0,1.0,0.0,0.0,0.0,0.0,0.0,0,95,Benign
connectivity-check.ubuntu.com,29.0,0.0,3.6899,1.0,1.0,0.3462,0.6538,0.0,2.0,15.0,19.0,28.0,0.0,1.0,0.0,8112,653,8766,3,AS41231,0,1.0,1.0,1.0,1.0,1.0,1.0,1.0,0.0,0.0,0.0,0.0,0.0,1.0,0.0,1.0,1.0,1.0,1.0,19.0,0.0,1.0,1.0,1.0,8112.0,653.0,0.4455,0.0,0.0,1.0,0.0,0.0,0.0,0.0,0.0,0,95,Benign
connectivity-check.ubuntu.com,29.0,0.0,3.6899,1.0,1.0,0.3462,0.6538,0.0,2.0,15.0,19.0,1.0,0.0,1.0,0.0,8112,653,8766,3,AS41231,0,1.0,1.0,1.0,1.0,1.0,1.0,1.0,0.0,0.0,0.0,0.0,0.0,1.0,0.0,1.0,1.0,1.0,1.0,19.0,0.0,1.0,1.0,1.0,8112.0,653.0,0.4455,0.0,0.0,1.0,0.0,0.0,0.0,0.0,0.0,0,95,Benign
connectivity-check.ubuntu.com,29.0,0.0,3.6899,1.0,1.0,0.3462,0.6538,0.0,2.0,15.0,19.0,28.0,0.0,1.0,0.0,8112,653,8766,3,AS41231,0,1.0,1.0,1.0,1.0,1.0,1.0,1.0,0.0,0.0,0.0,0.0,0.0,1.0,0.0,1.0,1.0,1.0,1.0,19.0,0.0,1.0,1.0,1.0,8112.0,653.0,0.4455,0.0,0.0,1.0,0.0,0.0,0.0,0.0,0.0,0,95,Benign
google.com,10.0,0.0,2.6464,0.0,0.0,0.4444,0.5556,0.0,2.0,7.0,110.0,1.0,0.0,1.0,0.0,10560,761,11322,4,AS15169,0,1.0,1.0,1.0,1.0,1.0,1.0,1.0,0.0,0.0,0.0,0.0,0.0,1.0,0.0,1.0,1.0,1.0,1.0,110.0,0.0,1.0,1.0,1.0,10560.0,761.0,0.0585,0.0,1.0,1.0,0.0,0.0,0.0,0.0,0.0,0,95,Benign
google.com,10.0,0.0,2.6464,0.0,0.0,0.4444,0.5556,0.0,2.0,7.0,110.0,28.0,0.0,1.0,0.0,10560,761,11322,4,AS15169,0,1.0,1.0,1.0,1.0,1.0,1.0,1.0,0.0,0.0,0.0,0.0,0.0,1.0,0.0,1.0,1.0,1.0,1.0,110.0,0.0,1.0,1.0,1.0,10560.0,761.0,0.0585,0.0,1.0,1.0,0.0,0.0,0.0,0.0,0.0,0,95,Benign
openai.com,10.0,0.0,3.1219,0.0,0.0,0.5556,0.4444,0.0,1.0,9.0,32.0,1.0,0.0,1.0,0.0,7147,888,8036,4,AS13335,0,1.0,1.0,1.0,1.0,1.0,1.0,1.0,0.0,0.0,0.0,0.0,0.0,1.0,0.0,1.0,1.0,1.0,1.0,32.0,0.0,1.0,1.0,1.0,7147.0,888.0,0.0832,0.0,1.0,0.0,0.0,0.0,0.0,0.0,0.0,0,95,Benign
openai.com,10.0,0.0,3.1219,0.0,0.0,0.5556,0.4444,0.0,1.0,9.0,32.0,28.0,0.0,1.0,0.0,7147,888,8036,4,AS13335,0,1.0,1.0,1.0,1.0,1.0,1.0,1.0,0.0,0.0,0.0,0.0,0.0,1.0,0.0,1.0,1.0,1.0,1.0,32.0,0.0,1.0,1.0,1.0,7147.0,888.0,0.0832,0.0,1.0,0.0,0.0,0.0,0.0,0.0,0.0,0,95,Benign
github.com,10.0,0.0,3.3219,0.0,0.0,0.3333,0.6667,0.0,2.0,10.0,49.0,1.0,0.0,1.0,0.0,6884,55,6940,8,AS8075,0,1.0,1.0,1.0,1.0,1.0,1.0,1.0,0.0,0.0,0.0,0.0,0.0,1.0,0.0,1.0,1.0,1.0,1.0,49.0,0.0,1.0,1.0,1.0,6884.0,55.0,0.0705,0.0,1.0,0.0,0.0,0.0,0.0,0.0,0.0,0,95,Benign
github.com,10.0,0.0,3.3219,0.0,0.0,0.3333,0.6667,0.0,2.0,10.0,49.0,28.0,0.0,1.0,0.0,6884,55,6940,8,AS8075,0,1.0,1.0,1.0,1.0,1.0,1.0,1.0,0.0,0.0,0.0,0.0,0.0,1.0,0.0,1.0,1.0,1.0,1.0,49.0,0.0,1.0,1.0,1.0,6884.0,55.0,0.0705,0.0,1.0,0.0,0.0,0.0,0.0,0.0,0.0,0,95,Benign
microsoft.com,13.0,0.0,3.027,0.0,0.0,0.3333,0.6667,0.0,2.0,9.0,687.0,1.0,0.0,1.0,0.0,12888,261,13150,4,AS8075,0,1.0,1.0,1.0,1.0,1.0,1.0,1.0,0.0,0.0,0.0,0.0,0.0,1.0,0.0,1.0,1.0,1.0,1.0,687.0,0.0,1.0,1.0,1.0,12888.0,261.0,0.0695,0.0,1.0,1.0,0.0,0.0,0.0,0.0,0.0,0,95,Benign
whois.iana.org,14.0,0.0,3.2359,0.0,1.0,0.5,0.5,0.0,2.0,10.0,51.0,1.0,0.0,1.0,0.0,11393,480,11874,4,AS16876,0,1.0,1.0,1.0,1.0,1.0,1.0,1.0,0.0,0.0,0.0,0.0,0.0,1.0,0.0,1.0,1.0,1.0,1.0,51.0,0.0,1.0,1.0,1.0,11393.0,480.0,0.5459,0.0,0.0,1.0,0.0,0.0,0.0,0.0,0.0,0,95,Benign
whois.verisign-grs.com,22.0,0.0,3.6635,1.0,1.0,0.3158,0.6842,0.0,3.0,14.0,5.0,1.0,0.0,1.0,0.0,9471,24,9496,4,AS397203,0,1.0,1.0,1.0,1.0,1.0,1.0,1.0,0.0,0.0,0.0,0.0,0.0,1.0,0.0,1.0,1.0,1.0,1.0,5.0,0.0,1.0,1.0,1.0,9471.0,24.0,0.3344,0.0,0.0,1.0,0.0,0.0,0.0,0.0,0.0,0,95,Benign
whois.markmonitor.com,21.0,0.0,3.4992,0.0,1.0,0.3684,0.6316,0.0,3.0,13.0,38.0,1.0,0.0,1.0,0.0,9975,2078,12054,9,AS16509,0,1.0,1.0,1.0,1.0,1.0,1.0,1.0,0.0,0.0,0.0,0.0,0.0,1.0,0.0,1.0,1.0,1.0,1.0,38.0,0.0,1.0,1.0,1.0,9975.0,2078.0,0.037,0.0,0.0,0.0,0.0,0.0,0.0,0.0,0.0,0,95,Benign
google.com,10.0,0.0,2.6464,0.0,0.0,0.4444,0.5556,0.0,2.0,7.0,110.0,1.0,0.0,1.0,0.0,10560,761,11322,4,AS15169,0,1.0,1.0,1.0,1.0,1.0,1.0,1.0,0.0,0.0,0.0,0.0,0.0,1.0,0.0,1.0,1.0,1.0,1.0,110.0,0.0,1.0,1.0,1.0,10560.0,761.0,0.0585,0.0,1.0,1.0,0.0,0.0,0.0,0.0,0.0,0,95,Benign
google.com,10.0,0.0,2.6464,0.0,0.0,0.4444,0.5556,0.0,2.0,7.0,110.0,28.0,0.0,1.0,0.0,10560,761,11322,4,AS15169,0,1.0,1.0,1.0,1.0,1.0,1.0,1.0,0.0,0.0,0.0,0.0,0.0,1.0,0.0,1.0,1.0,1.0,1.0,110.0,0.0,1.0,1.0,1.0,10560.0,761.0,0.0585,0.0,1.0,1.0,0.0,0.0,0.0,0.0,0.0,0,95,Benign
google.com,10.0,0.0,2.6464,0.0,0.0,0.4444,0.5556,0.0,2.0,7.0,110.0,5.0,0.0,1.0,0.0,10560,761,11322,4,AS15169,0,1.0,1.0,1.0,1.0,1.0,1.0,1.0,0.0,0.0,0.0,0.0,0.0,1.0,0.0,1.0,1.0,1.0,1.0,110.0,0.0,1.0,1.0,1.0,10560.0,761.0,0.0585,0.0,1.0,1.0,0.0,0.0,0.0,0.0,0.0,0,95,Benign
google.com,10.0,0.0,2.6464,0.0,0.0,0.4444,0.5556,0.0,2.0,7.0,110.0,15.0,0.0,1.0,0.0,10560,761,11322,4,AS15169,0,1.0,1.0,1.0,1.0,1.0,1.0,1.0,0.0,0.0,0.0,0.0,0.0,1.0,0.0,1.0,1.0,1.0,1.0,110.0,0.0,1.0,1.0,1.0,10560.0,761.0,0.0585,0.0,1.0,1.0,0.0,0.0,0.0,0.0,0.0,0,95,Benign
whois.iana.org,14.0,0.0,3.2359,0.0,1.0,0.5,0.5,0.0,2.0,10.0,51.0,1.0,0.0,1.0,0.0,11393,480,11874,4,AS16876,0,1.0,1.0,1.0,1.0,1.0,1.0,1.0,0.0,0.0,0.0,0.0,0.0,1.0,0.0,1.0,1.0,1.0,1.0,51.0,0.0,1.0,1.0,1.0,11393.0,480.0,0.5459,0.0,0.0,1.0,0.0,0.0,0.0,0.0,0.0,0,95,Benign
whois.verisign-grs.com,22.0,0.0,3.6635,1.0,1.0,0.3158,0.6842,0.0,3.0,14.0,5.0,1.0,0.0,1.0,0.0,9471,24,9496,4,AS397203,0,1.0,1.0,1.0,1.0,1.0,1.0,1.0,0.0,0.0,0.0,0.0,0.0,1.0,0.0,1.0,1.0,1.0,1.0,5.0,0.0,1.0,1.0,1.0,9471.0,24.0,0.3344,0.0,0.0,1.0,0.0,0.0,0.0,0.0,0.0,0,95,Benign
whois.markmonitor.com,21.0,0.0,3.4992,0.0,1.0,0.3684,0.6316,0.0,3.0,13.0,38.0,1.0,0.0,1.0,0.0,9975,2078,12054,9,AS16509,0,1.0,1.0,1.0,1.0,1.0,1.0,1.0,0.0,0.0,0.0,0.0,0.0,1.0,0.0,1.0,1.0,1.0,1.0,38.0,0.0,1.0,1.0,1.0,9975.0,2078.0,0.037,0.0,0.0,0.0,0.0,0.0,0.0,0.0,0.0,0,95,Benign
openai.com,10.0,0.0,3.1219,0.0,0.0,0.5556,0.4444,0.0,1.0,9.0,32.0,1.0,0.0,1.0,0.0,7147,888,8036,4,AS13335,0,1.0,1.0,1.0,1.0,1.0,1.0,1.0,0.0,0.0,0.0,0.0,0.0,1.0,0.0,1.0,1.0,1.0,1.0,32.0,0.0,1.0,1.0,1.0,7147.0,888.0,0.0832,0.0,1.0,0.0,0.0,0.0,0.0,0.0,0.0,0,95,Benign
openai.com,10.0,0.0,3.1219,0.0,0.0,0.5556,0.4444,0.0,1.0,9.0,32.0,28.0,0.0,1.0,0.0,7147,888,8036,4,AS13335,0,1.0,1.0,1.0,1.0,1.0,1.0,1.0,0.0,0.0,0.0,0.0,0.0,1.0,0.0,1.0,1.0,1.0,1.0,32.0,0.0,1.0,1.0,1.0,7147.0,888.0,0.0832,0.0,1.0,0.0,0.0,0.0,0.0,0.0,0.0,0,95,Benign
openai.com,10.0,0.0,3.1219,0.0,0.0,0.5556,0.4444,0.0,1.0,9.0,32.0,5.0,0.0,1.0,0.0,7147,888,8036,4,AS13335,0,1.0,1.0,1.0,1.0,1.0,1.0,1.0,0.0,0.0,0.0,0.0,0.0,1.0,0.0,1.0,1.0,1.0,1.0,32.0,0.0,1.0,1.0,1.0,7147.0,888.0,0.0832,0.0,1.0,0.0,0.0,0.0,0.0,0.0,0.0,0,95,Benign
openai.com,10.0,0.0,3.1219,0.0,0.0,0.5556,0.4444,0.0,1.0,9.0,32.0,15.0,0.0,1.0,0.0,7147,888,8036,4,AS13335,0,1.0,1.0,1.0,1.0,1.0,1.0,1.0,0.0,0.0,0.0,0.0,0.0,1.0,0.0,1.0,1.0,1.0,1.0,32.0,0.0,1.0,1.0,1.0,7147.0,888.0,0.0832,0.0,1.0,0.0,0.0,0.0,0.0,0.0,0.0,0,95,Benign
whois.iana.org,14.0,0.0,3.2359,0.0,1.0,0.5,0.5,0.0,2.0,10.0,51.0,1.0,0.0,1.0,0.0,11393,480,11874,4,AS16876,0,1.0,1.0,1.0,1.0,1.0,1.0,1.0,0.0,0.0,0.0,0.0,0.0,1.0,0.0,1.0,1.0,1.0,1.0,51.0,0.0,1.0,1.0,1.0,11393.0,480.0,0.5459,0.0,0.0,1.0,0.0,0.0,0.0,0.0,0.0,0,95,Benign
whois.verisign-grs.com,22.0,0.0,3.6635,1.0,1.0,0.3158,0.6842,0.0,3.0,14.0,5.0,1.0,0.0,1.0,0.0,9471,24,9496,4,AS397203,0,1.0,1.0,1.0,1.0,1.0,1.0,1.0,0.0,0.0,0.0,0.0,0.0,1.0,0.0,1.0,1.0,1.0,1.0,5.0,0.0,1.0,1.0,1.0,9471.0,24.0,0.3344,0.0,0.0,1.0,0.0,0.0,0.0,0.0,0.0,0,95,Benign
whois.markmonitor.com,21.0,0.0,3.4992,0.0,1.0,0.3684,0.6316,0.0,3.0,13.0,38.0,1.0,0.0,1.0,0.0,9975,2078,12054,9,AS16509,0,1.0,1.0,1.0,1.0,1.0,1.0,1.0,0.0,0.0,0.0,0.0,0.0,1.0,0.0,1.0,1.0,1.0,1.0,38.0,0.0,1.0,1.0,1.0,9975.0,2078.0,0.037,0.0,0.0,0.0,0.0,0.0,0.0,0.0,0.0,0,95,Benign
github.com,10.0,0.0,3.3219,0.0,0.0,0.3333,0.6667,0.0,2.0,10.0,49.0,1.0,0.0,1.0,0.0,6884,55,6940,8,AS8075,0,1.0,1.0,1.0,1.0,1.0,1.0,1.0,0.0,0.0,0.0,0.0,0.0,1.0,0.0,1.0,1.0,1.0,1.0,49.0,0.0,1.0,1.0,1.0,6884.0,55.0,0.0705,0.0,1.0,0.0,0.0,0.0,0.0,0.0,0.0,0,95,Benign
github.com,10.0,0.0,3.3219,0.0,0.0,0.3333,0.6667,0.0,2.0,10.0,49.0,28.0,0.0,1.0,0.0,6884,55,6940,8,AS8075,0,1.0,1.0,1.0,1.0,1.0,1.0,1.0,0.0,0.0,0.0,0.0,0.0,1.0,0.0,1.0,1.0,1.0,1.0,49.0,0.0,1.0,1.0,1.0,6884.0,55.0,0.0705,0.0,1.0,0.0,0.0,0.0,0.0,0.0,0.0,0,95,Benign
github.com,10.0,0.0,3.3219,0.0,0.0,0.3333,0.6667,0.0,2.0,10.0,49.0,5.0,0.0,1.0,0.0,6884,55,6940,8,AS8075,0,1.0,1.0,1.0,1.0,1.0,1.0,1.0,0.0,0.0,0.0,0.0,0.0,1.0,0.0,1.0,1.0,1.0,1.0,49.0,0.0,1.0,1.0,1.0,6884.0,55.0,0.0705,0.0,1.0,0.0,0.0,0.0,0.0,0.0,0.0,0,95,Benign
github.com,10.0,0.0,3.3219,0.0,0.0,0.3333,0.6667,0.0,2.0,10.0,49.0,15.0,0.0,1.0,0.0,6884,55,6940,8,AS8075,0,1.0,1.0,1.0,1.0,1.0,1.0,1.0,0.0,0.0,0.0,0.0,0.0,1.0,0.0,1.0,1.0,1.0,1.0,49.0,0.0,1.0,1.0,1.0,6884.0,55.0,0.0705,0.0,1.0,0.0,0.0,0.0,0.0,0.0,0.0,0,95,Benign
whois.iana.org,14.0,0.0,3.2359,0.0,1.0,0.5,0.5,0.0,2.0,10.0,51.0,1.0,0.0,1.0,0.0,11393,480,11874,4,AS16876,0,1.0,1.0,1.0,1.0,1.0,1.0,1.0,0.0,0.0,0.0,0.0,0.0,1.0,0.0,1.0,1.0,1.0,1.0,51.0,0.0,1.0,1.0,1.0,11393.0,480.0,0.5459,0.0,0.0,1.0,0.0,0.0,0.0,0.0,0.0,0,95,Benign
whois.verisign-grs.com,22.0,0.0,3.6635,1.0,1.0,0.3158,0.6842,0.0,3.0,14.0,5.0,1.0,0.0,1.0,0.0,9471,24,9496,4,AS397203,0,1.0,1.0,1.0,1.0,1.0,1.0,1.0,0.0,0.0,0.0,0.0,0.0,1.0,0.0,1.0,1.0,1.0,1.0,5.0,0.0,1.0,1.0,1.0,9471.0,24.0,0.3344,0.0,0.0,1.0,0.0,0.0,0.0,0.0,0.0,0,95,Benign
whois.markmonitor.com,21.0,0.0,3.4992,0.0,1.0,0.3684,0.6316,0.0,3.0,13.0,38.0,1.0,0.0,1.0,0.0,9975,2078,12054,9,AS16509,0,1.0,1.0,1.0,1.0,1.0,1.0,1.0,0.0,0.0,0.0,0.0,0.0,1.0,0.0,1.0,1.0,1.0,1.0,38.0,0.0,1.0,1.0,1.0,9975.0,2078.0,0.037,0.0,0.0,0.0,0.0,0.0,0.0,0.0,0.0,0,95,Benign
microsoft.com,13.0,0.0,3.027,0.0,0.0,0.3333,0.6667,0.0,2.0,9.0,687.0,1.0,0.0,1.0,0.0,12888,261,13150,4,AS8075,0,1.0,1.0,1.0,1.0,1.0,1.0,1.0,0.0,0.0,0.0,0.0,0.0,1.0,0.0,1.0,1.0,1.0,1.0,687.0,0.0,1.0,1.0,1.0,12888.0,261.0,0.0695,0.0,1.0,1.0,0.0,0.0,0.0,0.0,0.0,0,95,Benign
microsoft.com,13.0,0.0,3.027,0.0,0.0,0.3333,0.6667,0.0,2.0,9.0,687.0,28.0,0.0,1.0,0.0,12888,261,13150,4,AS8075,0,1.0,1.0,1.0,1.0,1.0,1.0,1.0,0.0,0.0,0.0,0.0,0.0,1.0,0.0,1.0,1.0,1.0,1.0,687.0,0.0,1.0,1.0,1.0,12888.0,261.0,0.0695,0.0,1.0,1.0,0.0,0.0,0.0,0.0,0.0,0,95,Benign
microsoft.com,13.0,0.0,3.027,0.0,0.0,0.3333,0.6667,0.0,2.0,9.0,687.0,5.0,0.0,1.0,0.0,12888,261,13150,4,AS8075,0,1.0,1.0,1.0,1.0,1.0,1.0,1.0,0.0,0.0,0.0,0.0,0.0,1.0,0.0,1.0,1.0,1.0,1.0,687.0,0.0,1.0,1.0,1.0,12888.0,261.0,0.0695,0.0,1.0,1.0,0.0,0.0,0.0,0.0,0.0,0,95,Benign
microsoft.com,13.0,0.0,3.027,0.0,0.0,0.3333,0.6667,0.0,2.0,9.0,687.0,15.0,0.0,1.0,0.0,12888,261,13150,4,AS8075,0,1.0,1.0,1.0,1.0,1.0,1.0,1.0,0.0,0.0,0.0,0.0,0.0,1.0,0.0,1.0,1.0,1.0,1.0,687.0,0.0,1.0,1.0,1.0,12888.0,261.0,0.0695,0.0,1.0,1.0,0.0,0.0,0.0,0.0,0.0,0,95,Benign
whois.iana.org,14.0,0.0,3.2359,0.0,1.0,0.5,0.5,0.0,2.0,10.0,51.0,1.0,0.0,1.0,0.0,11393,480,11874,4,AS16876,0,1.0,1.0,1.0,1.0,1.0,1.0,1.0,0.0,0.0,0.0,0.0,0.0,1.0,0.0,1.0,1.0,1.0,1.0,51.0,0.0,1.0,1.0,1.0,11393.0,480.0,0.5459,0.0,0.0,1.0,0.0,0.0,0.0,0.0,0.0,0,95,Benign
whois.publicinterestregistry.org,32.0,0.0,3.8667,0.0,1.0,0.3333,0.6667,0.0,4.0,17.0,1.0,1.0,0.0,1.0,0.0,8838,1023,9862,4,AS16509,0,1.0,1.0,1.0,1.0,1.0,1.0,1.0,0.0,0.0,0.0,0.0,0.0,1.0,0.0,1.0,1.0,1.0,1.0,1.0,0.0,1.0,1.0,1.0,8838.0,1023.0,0.1892,0.0,0.0,1.0,0.0,0.0,0.0,0.0,0.0,0,95,Benign
whois.iana.org,14.0,0.0,3.2359,0.0,1.0,0.5,0.5,0.0,2.0,10.0,51.0,1.0,0.0,1.0,0.0,11393,480,11874,4,AS16876,0,1.0,1.0,1.0,1.0,1.0,1.0,1.0,0.0,0.0,0.0,0.0,0.0,1.0,0.0,1.0,1.0,1.0,1.0,51.0,0.0,1.0,1.0,1.0,11393.0,480.0,0.5459,0.0,0.0,1.0,0.0,0.0,0.0,0.0,0.0,0,95,Benign
whois.iana.org,14.0,0.0,3.2359,0.0,1.0,0.5,0.5,0.0,2.0,10.0,51.0,28.0,0.0,1.0,0.0,11393,480,11874,4,AS16876,0,1.0,1.0,1.0,1.0,1.0,1.0,1.0,0.0,0.0,0.0,0.0,0.0,1.0,0.0,1.0,1.0,1.0,1.0,51.0,0.0,1.0,1.0,1.0,11393.0,480.0,0.5459,0.0,0.0,1.0,0.0,0.0,0.0,0.0,0.0,0,95,Benign
ianawhois.vip.icann.org,23.0,0.0,3.4686,0.0,2.0,0.45,0.55,0.0,2.0,13.0,33.0,28.0,0.0,1.0,0.0,10196,845,11042,4,AS16876,0,1.0,1.0,1.0,1.0,1.0,1.0,1.0,0.0,0.0,0.0,0.0,0.0,1.0,0.0,1.0,1.0,1.0,1.0,33.0,0.0,1.0,1.0,1.0,10196.0,845.0,0.284,0.0,0.0,1.0,0.0,0.0,0.0,0.0,0.0,0,95,Benign
whois.iana.org,14.0,0.0,3.2359,0.0,1.0,0.5,0.5,0.0,2.0,10.0,51.0,5.0,0.0,1.0,0.0,11393,480,11874,4,AS16876,0,1.0,1.0,1.0,1.0,1.0,1.0,1.0,0.0,0.0,0.0,0.0,0.0,1.0,0.0,1.0,1.0,1.0,1.0,51.0,0.0,1.0,1.0,1.0,11393.0,480.0,0.5459,0.0,0.0,1.0,0.0,0.0,0.0,0.0,0.0,0,95,Benign
whois.iana.org,14.0,0.0,3.2359,0.0,1.0,0.5,0.5,0.0,2.0,10.0,51.0,15.0,0.0,1.0,0.0,11393,480,11874,4,AS16876,0,1.0,1.0,1.0,1.0,1.0,1.0,1.0,0.0,0.0,0.0,0.0,0.0,1.0,0.0,1.0,1.0,1.0,1.0,51.0,0.0,1.0,1.0,1.0,11393.0,480.0,0.5459,0.0,0.0,1.0,0.0,0.0,0.0,0.0,0.0,0,95,Benign
ianawhois.vip.icann.org,23.0,0.0,3.4686,0.0,2.0,0.45,0.55,0.0,2.0,13.0,33.0,15.0,0.0,1.0,0.0,10196,845,11042,4,AS16876,0,1.0,1.0,1.0,1.0,1.0,1.0,1.0,0.0,0.0,0.0,0.0,0.0,1.0,0.0,1.0,1.0,1.0,1.0,33.0,0.0,1.0,1.0,1.0,10196.0,845.0,0.284,0.0,0.0,1.0,0.0,0.0,0.0,0.0,0.0,0,95,Benign
whois.iana.org,14.0,0.0,3.2359,0.0,1.0,0.5,0.5,0.0,2.0,10.0,51.0,1.0,0.0,1.0,0.0,11393,480,11874,4,AS16876,0,1.0,1.0,1.0,1.0,1.0,1.0,1.0,0.0,0.0,0.0,0.0,0.0,1.0,0.0,1.0,1.0,1.0,1.0,51.0,0.0,1.0,1.0,1.0,11393.0,480.0,0.5459,0.0,0.0,1.0,0.0,0.0,0.0,0.0,0.0,0,95,Benign
whois.verisign-grs.com,22.0,0.0,3.6635,1.0,1.0,0.3158,0.6842,0.0,3.0,14.0,5.0,1.0,0.0,1.0,0.0,9471,24,9496,4,AS397203,0,1.0,1.0,1.0,1.0,1.0,1.0,1.0,0.0,0.0,0.0,0.0,0.0,1.0,0.0,1.0,1.0,1.0,1.0,5.0,0.0,1.0,1.0,1.0,9471.0,24.0,0.3344,0.0,0.0,1.0,0.0,0.0,0.0,0.0,0.0,0,95,Benign
whois.corporatedomains.com,26.0,0.0,3.7155,0.0,1.0,0.4167,0.5833,0.0,2.0,15.0,7172.0,1.0,0.0,1.0,0.0,10529,61,10591,2,AS19574,0,1.0,1.0,1.0,1.0,1.0,1.0,1.0,0.0,0.0,0.0,0.0,0.0,1.0,0.0,1.0,1.0,1.0,1.0,7172.0,0.0,1.0,1.0,1.0,10529.0,61.0,0.0121,0.0,0.0,1.0,0.0,0.0,0.0,0.0,0.0,0,95,Benign
whois.verisign-grs.com,22.0,0.0,3.6635,1.0,1.0,0.3158,0.6842,0.0,3.0,14.0,5.0,1.0,0.0,1.0,0.0,9471,24,9496,4,AS397203,0,1.0,1.0,1.0,1.0,1.0,1.0,1.0,0.0,0.0,0.0,0.0,0.0,1.0,0.0,1.0,1.0,1.0,1.0,5.0,0.0,1.0,1.0,1.0,9471.0,24.0,0.3344,0.0,0.0,1.0,0.0,0.0,0.0,0.0,0.0,0,95,Benign
whois.verisign-grs.com,22.0,0.0,3.6635,1.0,1.0,0.3158,0.6842,0.0,3.0,14.0,5.0,28.0,0.0,1.0,0.0,9471,24,9496,4,AS397203,0,1.0,1.0,1.0,1.0,1.0,1.0,1.0,0.0,0.0,0.0,0.0,0.0,1.0,0.0,1.0,1.0,1.0,1.0,5.0,0.0,1.0,1.0,1.0,9471.0,24.0,0.3344,0.0,0.0,1.0,0.0,0.0,0.0,0.0,0.0,0,95,Benign
whois.verisign-grs.com,22.0,0.0,3.6635,1.0,1.0,0.3158,0.6842,0.0,3.0,14.0,5.0,5.0,0.0,1.0,0.0,9471,24,9496,4,AS397203,0,1.0,1.0,1.0,1.0,1.0,1.0,1.0,0.0,0.0,0.0,0.0,0.0,1.0,0.0,1.0,1.0,1.0,1.0,5.0,0.0,1.0,1.0,1.0,9471.0,24.0,0.3344,0.0,0.0,1.0,0.0,0.0,0.0,0.0,0.0,0,95,Benign
whois.verisign-grs.com,22.0,0.0,3.6635,1.0,1.0,0.3158,0.6842,0.0,3.0,14.0,5.0,15.0,0.0,1.0,0.0,9471,24,9496,4,AS397203,0,1.0,1.0,1.0,1.0,1.0,1.0,1.0,0.0,0.0,0.0,0.0,0.0,1.0,0.0,1.0,1.0,1.0,1.0,5.0,0.0,1.0,1.0,1.0,9471.0,24.0,0.3344,0.0,0.0,1.0,0.0,0.0,0.0,0.0,0.0,0,95,Benign
whois.iana.org,14.0,0.0,3.2359,0.0,1.0,0.5,0.5,0.0,2.0,10.0,51.0,1.0,0.0,1.0,0.0,11393,480,11874,4,AS16876,0,1.0,1.0,1.0,1.0,1.0,1.0,1.0,0.0,0.0,0.0,0.0,0.0,1.0,0.0,1.0,1.0,1.0,1.0,51.0,0.0,1.0,1.0,1.0,11393.0,480.0,0.5459,0.0,0.0,1.0,0.0,0.0,0.0,0.0,0.0,0,95,Benign
whois.verisign-grs.com,22.0,0.0,3.6635,1.0,1.0,0.3158,0.6842,0.0,3.0,14.0,5.0,1.0,0.0,1.0,0.0,9471,24,9496,4,AS397203,0,1.0,1.0,1.0,1.0,1.0,1.0,1.0,0.0,0.0,0.0,0.0,0.0,1.0,0.0,1.0,1.0,1.0,1.0,5.0,0.0,1.0,1.0,1.0,9471.0,24.0,0.3344,0.0,0.0,1.0,0.0,0.0,0.0,0.0,0.0,0,95,Benign
whois.markmonitor.com,21.0,0.0,3.4992,0.0,1.0,0.3684,0.6316,0.0,3.0,13.0,38.0,1.0,0.0,1.0,0.0,9975,2078,12054,9,AS16509,0,1.0,1.0,1.0,1.0,1.0,1.0,1.0,0.0,0.0,0.0,0.0,0.0,1.0,0.0,1.0,1.0,1.0,1.0,38.0,0.0,1.0,1.0,1.0,9975.0,2078.0,0.037,0.0,0.0,0.0,0.0,0.0,0.0,0.0,0.0,0,95,Benign
whois.markmonitor.com,21.0,0.0,3.4992,0.0,1.0,0.3684,0.6316,0.0,3.0,13.0,38.0,1.0,0.0,1.0,0.0,9975,2078,12054,9,AS16509,0,1.0,1.0,1.0,1.0,1.0,1.0,1.0,0.0,0.0,0.0,0.0,0.0,1.0,0.0,1.0,1.0,1.0,1.0,38.0,0.0,1.0,1.0,1.0,9975.0,2078.0,0.037,0.0,0.0,0.0,0.0,0.0,0.0,0.0,0.0,0,95,Benign
whois.markmonitor.com,21.0,0.0,3.4992,0.0,1.0,0.3684,0.6316,0.0,3.0,13.0,38.0,28.0,0.0,1.0,0.0,9975,2078,12054,9,AS16509,0,1.0,1.0,1.0,1.0,1.0,1.0,1.0,0.0,0.0,0.0,0.0,0.0,1.0,0.0,1.0,1.0,1.0,1.0,38.0,0.0,1.0,1.0,1.0,9975.0,2078.0,0.037,0.0,0.0,0.0,0.0,0.0,0.0,0.0,0.0,0,95,Benign
whois.aws.markmonitor.com,25.0,0.0,3.5435,0.0,2.0,0.3636,0.6364,0.0,3.0,13.0,22.0,28.0,0.0,1.0,0.0,9975,2078,12054,9,AS16509,0,1.0,1.0,1.0,1.0,1.0,1.0,1.0,0.0,0.0,0.0,0.0,0.0,1.0,0.0,1.0,1.0,1.0,1.0,22.0,0.0,1.0,1.0,1.0,9975.0,2078.0,0.0308,0.0,0.0,0.0,0.0,0.0,0.0,0.0,0.0,0,95,Benign
whois.markmonitor.com,21.0,0.0,3.4992,0.0,1.0,0.3684,0.6316,0.0,3.0,13.0,38.0,5.0,0.0,1.0,0.0,9975,2078,12054,9,AS16509,0,1.0,1.0,1.0,1.0,1.0,1.0,1.0,0.0,0.0,0.0,0.0,0.0,1.0,0.0,1.0,1.0,1.0,1.0,38.0,0.0,1.0,1.0,1.0,9975.0,2078.0,0.037,0.0,0.0,0.0,0.0,0.0,0.0,0.0,0.0,0,95,Benign
whois.markmonitor.com,21.0,0.0,3.4992,0.0,1.0,0.3684,0.6316,0.0,3.0,13.0,38.0,15.0,0.0,1.0,0.0,9975,2078,12054,9,AS16509,0,1.0,1.0,1.0,1.0,1.0,1.0,1.0,0.0,0.0,0.0,0.0,0.0,1.0,0.0,1.0,1.0,1.0,1.0,38.0,0.0,1.0,1.0,1.0,9975.0,2078.0,0.037,0.0,0.0,0.0,0.0,0.0,0.0,0.0,0.0,0,95,Benign
whois.aws.markmonitor.com,25.0,0.0,3.5435,0.0,2.0,0.3636,0.6364,0.0,3.0,13.0,22.0,15.0,0.0,1.0,0.0,9975,2078,12054,9,AS16509,0,1.0,1.0,1.0,1.0,1.0,1.0,1.0,0.0,0.0,0.0,0.0,0.0,1.0,0.0,1.0,1.0,1.0,1.0,22.0,0.0,1.0,1.0,1.0,9975.0,2078.0,0.0308,0.0,0.0,0.0,0.0,0.0,0.0,0.0,0.0,0,95,Benign
whois.iana.org,14.0,0.0,3.2359,0.0,1.0,0.5,0.5,0.0,2.0,10.0,51.0,1.0,0.0,1.0,0.0,11393,480,11874,4,AS16876,0,1.0,1.0,1.0,1.0,1.0,1.0,1.0,0.0,0.0,0.0,0.0,0.0,1.0,0.0,1.0,1.0,1.0,1.0,51.0,0.0,1.0,1.0,1.0,11393.0,480.0,0.5459,0.0,0.0,1.0,0.0,0.0,0.0,0.0,0.0,0,95,Benign
whois.publicinterestregistry.org,32.0,0.0,3.8667,0.0,1.0,0.3333,0.6667,0.0,4.0,17.0,1.0,1.0,0.0,1.0,0.0,8838,1023,9862,4,AS16509,0,1.0,1.0,1.0,1.0,1.0,1.0,1.0,0.0,0.0,0.0,0.0,0.0,1.0,0.0,1.0,1.0,1.0,1.0,1.0,0.0,1.0,1.0,1.0,8838.0,1023.0,0.1892,0.0,0.0,1.0,0.0,0.0,0.0,0.0,0.0,0,95,Benign
whois.publicinterestregistry.org,32.0,0.0,3.8667,0.0,1.0,0.3333,0.6667,0.0,4.0,17.0,1.0,1.0,0.0,1.0,0.0,8838,1023,9862,4,AS16509,0,1.0,1.0,1.0,1.0,1.0,1.0,1.0,0.0,0.0,0.0,0.0,0.0,1.0,0.0,1.0,1.0,1.0,1.0,1.0,0.0,1.0,1.0,1.0,8838.0,1023.0,0.1892,0.0,0.0,1.0,0.0,0.0,0.0,0.0,0.0,0,95,Benign
whois.publicinterestregistry.org,32.0,0.0,3.8667,0.0,1.0,0.3333,0.6667,0.0,4.0,17.0,1.0,28.0,0.0,1.0,0.0,8838,1023,9862,4,AS16509,0,1.0,1.0,1.0,1.0,1.0,1.0,1.0,0.0,0.0,0.0,0.0,0.0,1.0,0.0,1.0,1.0,1.0,1.0,1.0,0.0,1.0,1.0,1.0,8838.0,1023.0,0.1892,0.0,0.0,1.0,0.0,0.0,0.0,0.0,0.0,0,95,Benign
whois.pir.gtm.iddg.io,21.0,0.0,3.3447,0.0,3.0,0.3529,0.6471,0.0,3.0,12.0,87.0,28.0,0.0,1.0,0.0,1470,355,1826,4,AS16509,0,1.0,1.0,1.0,1.0,1.0,1.0,1.0,0.0,0.0,0.0,0.0,0.0,1.0,0.0,1.0,1.0,1.0,1.0,87.0,0.0,1.0,1.0,1.0,1470.0,355.0,0.0201,0.0,0.0,1.0,0.0,0.0,0.0,0.0,0.0,0,95,Benign
whois.publicinterestregistry.org,32.0,0.0,3.8667,0.0,1.0,0.3333,0.6667,0.0,4.0,17.0,1.0,5.0,0.0,1.0,0.0,8838,1023,9862,4,AS16509,0,1.0,1.0,1.0,1.0,1.0,1.0,1.0,0.0,0.0,0.0,0.0,0.0,1.0,0.0,1.0,1.0,1.0,1.0,1.0,0.0,1.0,1.0,1.0,8838.0,1023.0,0.1892,0.0,0.0,1.0,0.0,0.0,0.0,0.0,0.0,0,95,Benign
whois.publicinterestregistry.org,32.0,0.0,3.8667,0.0,1.0,0.3333,0.6667,0.0,4.0,17.0,1.0,15.0,0.0,1.0,0.0,8838,1023,9862,4,AS16509,0,1.0,1.0,1.0,1.0,1.0,1.0,1.0,0.0,0.0,0.0,0.0,0.0,1.0,0.0,1.0,1.0,1.0,1.0,1.0,0.0,1.0,1.0,1.0,8838.0,1023.0,0.1892,0.0,0.0,1.0,0.0,0.0,0.0,0.0,0.0,0,95,Benign
whois.pir.gtm.iddg.io,21.0,0.0,3.3447,0.0,3.0,0.3529,0.6471,0.0,3.0,12.0,87.0,15.0,0.0,1.0,0.0,1470,355,1826,4,AS16509,0,1.0,1.0,1.0,1.0,1.0,1.0,1.0,0.0,0.0,0.0,0.0,0.0,1.0,0.0,1.0,1.0,1.0,1.0,87.0,0.0,1.0,1.0,1.0,1470.0,355.0,0.0201,0.0,0.0,1.0,0.0,0.0,0.0,0.0,0.0,0,95,Benign
whois.iana.org,14.0,0.0,3.2359,0.0,1.0,0.5,0.5,0.0,2.0,10.0,51.0,1.0,0.0,1.0,0.0,11393,480,11874,4,AS16876,0,1.0,1.0,1.0,1.0,1.0,1.0,1.0,0.0,0.0,0.0,0.0,0.0,1.0,0.0,1.0,1.0,1.0,1.0,51.0,0.0,1.0,1.0,1.0,11393.0,480.0,0.5459,0.0,0.0,1.0,0.0,0.0,0.0,0.0,0.0,0,95,Benign
whois.publicinterestregistry.org,32.0,0.0,3.8667,0.0,1.0,0.3333,0.6667,0.0,4.0,17.0,1.0,1.0,0.0,1.0,0.0,8838,1023,9862,4,AS16509,0,1.0,1.0,1.0,1.0,1.0,1.0,1.0,0.0,0.0,0.0,0.0,0.0,1.0,0.0,1.0,1.0,1.0,1.0,1.0,0.0,1.0,1.0,1.0,8838.0,1023.0,0.1892,0.0,0.0,1.0,0.0,0.0,0.0,0.0,0.0,0,95,Benign
ianawhois.vip.icann.org,23.0,0.0,3.4686,0.0,2.0,0.45,0.55,0.0,2.0,13.0,33.0,1.0,0.0,1.0,0.0,10196,845,11042,4,AS16876,0,1.0,1.0,1.0,1.0,1.0,1.0,1.0,0.0,0.0,0.0,0.0,0.0,1.0,0.0,1.0,1.0,1.0,1.0,33.0,0.0,1.0,1.0,1.0,10196.0,845.0,0.284,0.0,0.0,1.0,0.0,0.0,0.0,0.0,0.0,0,95,Benign
ianawhois.vip.icann.org,23.0,0.0,3.4686,0.0,2.0,0.45,0.55,0.0,2.0,13.0,33.0,28.0,0.0,1.0,0.0,10196,845,11042,4,AS16876,0,1.0,1.0,1.0,1.0,1.0,1.0,1.0,0.0,0.0,0.0,0.0,0.0,1.0,0.0,1.0,1.0,1.0,1.0,33.0,0.0,1.0,1.0,1.0,10196.0,845.0,0.284,0.0,0.0,1.0,0.0,0.0,0.0,0.0,0.0,0,95,Benign
ianawhois.vip.icann.org,23.0,0.0,3.4686,0.0,2.0,0.45,0.55,0.0,2.0,13.0,33.0,5.0,0.0,1.0,0.0,10196,845,11042,4,AS16876,0,1.0,1.0,1.0,1.0,1.0,1.0,1.0,0.0,0.0,0.0,0.0,0.0,1.0,0.0,1.0,1.0,1.0,1.0,33.0,0.0,1.0,1.0,1.0,10196.0,845.0,0.284,0.0,0.0,1.0,0.0,0.0,0.0,0.0,0.0,0,95,Benign
ianawhois.vip.icann.org,23.0,0.0,3.4686,0.0,2.0,0.45,0.55,0.0,2.0,13.0,33.0,15.0,0.0,1.0,0.0,10196,845,11042,4,AS16876,0,1.0,1.0,1.0,1.0,1.0,1.0,1.0,0.0,0.0,0.0,0.0,0.0,1.0,0.0,1.0,1.0,1.0,1.0,33.0,0.0,1.0,1.0,1.0,10196.0,845.0,0.284,0.0,0.0,1.0,0.0,0.0,0.0,0.0,0.0,0,95,Benign
whois.iana.org,14.0,0.0,3.2359,0.0,1.0,0.5,0.5,0.0,2.0,10.0,51.0,1.0,0.0,1.0,0.0,11393,480,11874,4,AS16876,0,1.0,1.0,1.0,1.0,1.0,1.0,1.0,0.0,0.0,0.0,0.0,0.0,1.0,0.0,1.0,1.0,1.0,1.0,51.0,0.0,1.0,1.0,1.0,11393.0,480.0,0.5459,0.0,0.0,1.0,0.0,0.0,0.0,0.0,0.0,0,95,Benign
whois.verisign-grs.com,22.0,0.0,3.6635,1.0,1.0,0.3158,0.6842,0.0,3.0,14.0,5.0,1.0,0.0,1.0,0.0,9471,24,9496,4,AS397203,0,1.0,1.0,1.0,1.0,1.0,1.0,1.0,0.0,0.0,0.0,0.0,0.0,1.0,0.0,1.0,1.0,1.0,1.0,5.0,0.0,1.0,1.0,1.0,9471.0,24.0,0.3344,0.0,0.0,1.0,0.0,0.0,0.0,0.0,0.0,0,95,Benign
whois.corporatedomains.com,26.0,0.0,3.7155,0.0,1.0,0.4167,0.5833,0.0,2.0,15.0,7172.0,1.0,0.0,1.0,0.0,10529,61,10591,2,AS19574,0,1.0,1.0,1.0,1.0,1.0,1.0,1.0,0.0,0.0,0.0,0.0,0.0,1.0,0.0,1.0,1.0,1.0,1.0,7172.0,0.0,1.0,1.0,1.0,10529.0,61.0,0.0121,0.0,0.0,1.0,0.0,0.0,0.0,0.0,0.0,0,95,Benign
whois.corporatedomains.com,26.0,0.0,3.7155,0.0,1.0,0.4167,0.5833,0.0,2.0,15.0,7172.0,1.0,0.0,1.0,0.0,10529,61,10591,2,AS19574,0,1.0,1.0,1.0,1.0,1.0,1.0,1.0,0.0,0.0,0.0,0.0,0.0,1.0,0.0,1.0,1.0,1.0,1.0,7172.0,0.0,1.0,1.0,1.0,10529.0,61.0,0.0121,0.0,0.0,1.0,0.0,0.0,0.0,0.0,0.0,0,95,Benign
whois.corporatedomains.com,26.0,0.0,3.7155,0.0,1.0,0.4167,0.5833,0.0,2.0,15.0,7172.0,28.0,0.0,1.0,0.0,10529,61,10591,2,AS19574,0,1.0,1.0,1.0,1.0,1.0,1.0,1.0,0.0,0.0,0.0,0.0,0.0,1.0,0.0,1.0,1.0,1.0,1.0,7172.0,0.0,1.0,1.0,1.0,10529.0,61.0,0.0121,0.0,0.0,1.0,0.0,0.0,0.0,0.0,0.0,0,95,Benign
whois.corporatedomains.com,26.0,0.0,3.7155,0.0,1.0,0.4167,0.5833,0.0,2.0,15.0,7172.0,5.0,0.0,1.0,0.0,10529,61,10591,2,AS19574,0,1.0,1.0,1.0,1.0,1.0,1.0,1.0,0.0,0.0,0.0,0.0,0.0,1.0,0.0,1.0,1.0,1.0,1.0,7172.0,0.0,1.0,1.0,1.0,10529.0,61.0,0.0121,0.0,0.0,1.0,0.0,0.0,0.0,0.0,0.0,0,95,Benign
whois.corporatedomains.com,26.0,0.0,3.7155,0.0,1.0,0.4167,0.5833,0.0,2.0,15.0,7172.0,15.0,0.0,1.0,0.0,10529,61,10591,2,AS19574,0,1.0,1.0,1.0,1.0,1.0,1.0,1.0,0.0,0.0,0.0,0.0,0.0,1.0,0.0,1.0,1.0,1.0,1.0,7172.0,0.0,1.0,1.0,1.0,10529.0,61.0,0.0121,0.0,0.0,1.0,0.0,0.0,0.0,0.0,0.0,0,95,Benign
whois.aws.markmonitor.com,25.0,0.0,3.5435,0.0,2.0,0.3636,0.6364,0.0,3.0,13.0,22.0,1.0,0.0,1.0,0.0,9975,2078,12054,9,AS16509,0,1.0,1.0,1.0,1.0,1.0,1.0,1.0,0.0,0.0,0.0,0.0,0.0,1.0,0.0,1.0,1.0,1.0,1.0,22.0,0.0,1.0,1.0,1.0,9975.0,2078.0,0.0308,0.0,0.0,0.0,0.0,0.0,0.0,0.0,0.0,0,95,Benign
whois.aws.markmonitor.com,25.0,0.0,3.5435,0.0,2.0,0.3636,0.6364,0.0,3.0,13.0,22.0,28.0,0.0,1.0,0.0,9975,2078,12054,9,AS16509,0,1.0,1.0,1.0,1.0,1.0,1.0,1.0,0.0,0.0,0.0,0.0,0.0,1.0,0.0,1.0,1.0,1.0,1.0,22.0,0.0,1.0,1.0,1.0,9975.0,2078.0,0.0308,0.0,0.0,0.0,0.0,0.0,0.0,0.0,0.0,0,95,Benign
whois.aws.markmonitor.com,25.0,0.0,3.5435,0.0,2.0,0.3636,0.6364,0.0,3.0,13.0,22.0,5.0,0.0,1.0,0.0,9975,2078,12054,9,AS16509,0,1.0,1.0,1.0,1.0,1.0,1.0,1.0,0.0,0.0,0.0,0.0,0.0,1.0,0.0,1.0,1.0,1.0,1.0,22.0,0.0,1.0,1.0,1.0,9975.0,2078.0,0.0308,0.0,0.0,0.0,0.0,0.0,0.0,0.0,0.0,0,95,Benign
whois.aws.markmonitor.com,25.0,0.0,3.5435,0.0,2.0,0.3636,0.6364,0.0,3.0,13.0,22.0,15.0,0.0,1.0,0.0,9975,2078,12054,9,AS16509,0,1.0,1.0,1.0,1.0,1.0,1.0,1.0,0.0,0.0,0.0,0.0,0.0,1.0,0.0,1.0,1.0,1.0,1.0,22.0,0.0,1.0,1.0,1.0,9975.0,2078.0,0.0308,0.0,0.0,0.0,0.0,0.0,0.0,0.0,0.0,0,95,Benign
whois.iana.org,14.0,0.0,3.2359,0.0,1.0,0.5,0.5,0.0,2.0,10.0,51.0,1.0,0.0,1.0,0.0,11393,480,11874,4,AS16876,0,1.0,1.0,1.0,1.0,1.0,1.0,1.0,0.0,0.0,0.0,0.0,0.0,1.0,0.0,1.0,1.0,1.0,1.0,51.0,0.0,1.0,1.0,1.0,11393.0,480.0,0.5459,0.0,0.0,1.0,0.0,0.0,0.0,0.0,0.0,0,95,Benign
whois.nic.io,12.0,0.0,2.8554,0.0,1.0,0.5,0.5,0.0,2.0,8.0,56.0,1.0,0.0,1.0,0.0,8369,259,8629,4,AS16509,0,1.0,1.0,1.0,1.0,1.0,1.0,1.0,0.0,0.0,0.0,0.0,0.0,1.0,0.0,1.0,1.0,1.0,1.0,56.0,0.0,1.0,1.0,1.0,8369.0,259.0,0.1134,0.0,0.0,1.0,0.0,0.0,0.0,0.0,0.0,0,95,Benign
whois.name.com,14.0,0.0,3.3788,0.0,1.0,0.4167,0.5833,0.0,2.0,11.0,55.0,1.0,0.0,1.0,0.0,11546,2273,13820,2,AS16509,0,1.0,1.0,1.0,1.0,1.0,1.0,1.0,0.0,0.0,0.0,0.0,0.0,1.0,0.0,1.0,1.0,1.0,1.0,55.0,0.0,1.0,1.0,1.0,11546.0,2273.0,0.0429,0.0,0.0,1.0,0.0,0.0,0.0,0.0,0.0,0,95,Benign
whois.pir.gtm.iddg.io,21.0,0.0,3.3447,0.0,3.0,0.3529,0.6471,0.0,3.0,12.0,87.0,1.0,0.0,1.0,0.0,1470,355,1826,4,AS16509,0,1.0,1.0,1.0,1.0,1.0,1.0,1.0,0.0,0.0,0.0,0.0,0.0,1.0,0.0,1.0,1.0,1.0,1.0,87.0,0.0,1.0,1.0,1.0,1470.0,355.0,0.0201,0.0,0.0,1.0,0.0,0.0,0.0,0.0,0.0,0,95,Benign
whois.pir.gtm.iddg.io,21.0,0.0,3.3447,0.0,3.0,0.3529,0.6471,0.0,3.0,12.0,87.0,28.0,0.0,1.0,0.0,1470,355,1826,4,AS16509,0,1.0,1.0,1.0,1.0,1.0,1.0,1.0,0.0,0.0,0.0,0.0,0.0,1.0,0.0,1.0,1.0,1.0,1.0,87.0,0.0,1.0,1.0,1.0,1470.0,355.0,0.0201,0.0,0.0,1.0,0.0,0.0,0.0,0.0,0.0,0,95,Benign
whois.pir.gtm.iddg.io,21.0,0.0,3.3447,0.0,3.0,0.3529,0.6471,0.0,3.0,12.0,87.0,5.0,0.0,1.0,0.0,1470,355,1826,4,AS16509,0,1.0,1.0,1.0,1.0,1.0,1.0,1.0,0.0,0.0,0.0,0.0,0.0,1.0,0.0,1.0,1.0,1.0,1.0,87.0,0.0,1.0,1.0,1.0,1470.0,355.0,0.0201,0.0,0.0,1.0,0.0,0.0,0.0,0.0,0.0,0,95,Benign
whois.pir.gtm.iddg.io,21.0,0.0,3.3447,0.0,3.0,0.3529,0.6471,0.0,3.0,12.0,87.0,15.0,0.0,1.0,0.0,1470,355,1826,4,AS16509,0,1.0,1.0,1.0,1.0,1.0,1.0,1.0,0.0,0.0,0.0,0.0,0.0,1.0,0.0,1.0,1.0,1.0,1.0,87.0,0.0,1.0,1.0,1.0,1470.0,355.0,0.0201,0.0,0.0,1.0,0.0,0.0,0.0,0.0,0.0,0,95,Benign
whois.iana.org,14.0,0.0,3.2359,0.0,1.0,0.5,0.5,0.0,2.0,10.0,51.0,1.0,0.0,1.0,0.0,11393,480,11874,4,AS16876,0,1.0,1.0,1.0,1.0,1.0,1.0,1.0,0.0,0.0,0.0,0.0,0.0,1.0,0.0,1.0,1.0,1.0,1.0,51.0,0.0,1.0,1.0,1.0,11393.0,480.0,0.5459,0.0,0.0,1.0,0.0,0.0,0.0,0.0,0.0,0,95,Benign
whois.nic.io,12.0,0.0,2.8554,0.0,1.0,0.5,0.5,0.0,2.0,8.0,56.0,1.0,0.0,1.0,0.0,8369,259,8629,4,AS16509,0,1.0,1.0,1.0,1.0,1.0,1.0,1.0,0.0,0.0,0.0,0.0,0.0,1.0,0.0,1.0,1.0,1.0,1.0,56.0,0.0,1.0,1.0,1.0,8369.0,259.0,0.1134,0.0,0.0,1.0,0.0,0.0,0.0,0.0,0.0,0,95,Benign
whois.identitydigital.services,30.0,0.0,3.7811,0.0,1.0,0.3929,0.6071,0.0,3.0,17.0,58.0,1.0,0.0,1.0,0.0,-1,-1,-1.0,0,AS16509,0,1.0,1.0,1.0,1.0,1.0,1.0,1.0,0.0,0.0,0.0,0.0,0.0,1.0,0.0,1.0,1.0,1.0,1.0,58.0,0.0,1.0,1.0,0.0,0.0,0.0,0.0165,0.0,0.0,1.0,0.0,0.0,0.0,0.0,0.0,0,95,Benign
whois.identitydigital.gtm.iddg.io,33.0,0.0,3.5169,0.0,3.0,0.3793,0.6207,0.0,3.0,15.0,58.0,1.0,0.0,1.0,0.0,1470,355,1826,4,AS16509,0,1.0,1.0,1.0,1.0,1.0,1.0,1.0,0.0,0.0,0.0,0.0,0.0,1.0,0.0,1.0,1.0,1.0,1.0,58.0,0.0,1.0,1.0,1.0,1470.0,355.0,0.0256,0.0,0.0,1.0,0.0,0.0,0.0,0.0,0.0,0,95,Benign
whois.nic.io,12.0,0.0,2.8554,0.0,1.0,0.5,0.5,0.0,2.0,8.0,56.0,1.0,0.0,1.0,0.0,8369,259,8629,4,AS16509,0,1.0,1.0,1.0,1.0,1.0,1.0,1.0,0.0,0.0,0.0,0.0,0.0,1.0,0.0,1.0,1.0,1.0,1.0,56.0,0.0,1.0,1.0,1.0,8369.0,259.0,0.1134,0.0,0.0,1.0,0.0,0.0,0.0,0.0,0.0,0,95,Benign
whois.nic.io,12.0,0.0,2.8554,0.0,1.0,0.5,0.5,0.0,2.0,8.0,56.0,28.0,0.0,1.0,0.0,8369,259,8629,4,AS16509,0,1.0,1.0,1.0,1.0,1.0,1.0,1.0,0.0,0.0,0.0,0.0,0.0,1.0,0.0,1.0,1.0,1.0,1.0,56.0,0.0,1.0,1.0,1.0,8369.0,259.0,0.1134,0.0,0.0,1.0,0.0,0.0,0.0,0.0,0.0,0,95,Benign
whois.nic.io,12.0,0.0,2.8554,0.0,1.0,0.5,0.5,0.0,2.0,8.0,56.0,5.0,0.0,1.0,0.0,8369,259,8629,4,AS16509,0,1.0,1.0,1.0,1.0,1.0,1.0,1.0,0.0,0.0,0.0,0.0,0.0,1.0,0.0,1.0,1.0,1.0,1.0,56.0,0.0,1.0,1.0,1.0,8369.0,259.0,0.1134,0.0,0.0,1.0,0.0,0.0,0.0,0.0,0.0,0,95,Benign
whois.nic.io,12.0,0.0,2.8554,0.0,1.0,0.5,0.5,0.0,2.0,8.0,56.0,15.0,0.0,1.0,0.0,8369,259,8629,4,AS16509,0,1.0,1.0,1.0,1.0,1.0,1.0,1.0,0.0,0.0,0.0,0.0,0.0,1.0,0.0,1.0,1.0,1.0,1.0,56.0,0.0,1.0,1.0,1.0,8369.0,259.0,0.1134,0.0,0.0,1.0,0.0,0.0,0.0,0.0,0.0,0,95,Benign
whois.identitydigital.gtm.iddg.io,33.0,0.0,3.5169,0.0,3.0,0.3793,0.6207,0.0,3.0,15.0,58.0,15.0,0.0,1.0,0.0,1470,355,1826,4,AS16509,0,1.0,1.0,1.0,1.0,1.0,1.0,1.0,0.0,0.0,0.0,0.0,0.0,1.0,0.0,1.0,1.0,1.0,1.0,58.0,0.0,1.0,1.0,1.0,1470.0,355.0,0.0256,0.0,0.0,1.0,0.0,0.0,0.0,0.0,0.0,0,95,Benign
whois.iana.org,14.0,0.0,3.2359,0.0,1.0,0.5,0.5,0.0,2.0,10.0,51.0,1.0,0.0,1.0,0.0,11393,480,11874,4,AS16876,0,1.0,1.0,1.0,1.0,1.0,1.0,1.0,0.0,0.0,0.0,0.0,0.0,1.0,0.0,1.0,1.0,1.0,1.0,51.0,0.0,1.0,1.0,1.0,11393.0,480.0,0.5459,0.0,0.0,1.0,0.0,0.0,0.0,0.0,0.0,0,95,Benign
whois.verisign-grs.com,22.0,0.0,3.6635,1.0,1.0,0.3158,0.6842,0.0,3.0,14.0,5.0,1.0,0.0,1.0,0.0,9471,24,9496,4,AS397203,0,1.0,1.0,1.0,1.0,1.0,1.0,1.0,0.0,0.0,0.0,0.0,0.0,1.0,0.0,1.0,1.0,1.0,1.0,5.0,0.0,1.0,1.0,1.0,9471.0,24.0,0.3344,0.0,0.0,1.0,0.0,0.0,0.0,0.0,0.0,0,95,Benign
whois.name.com,14.0,0.0,3.3788,0.0,1.0,0.4167,0.5833,0.0,2.0,11.0,55.0,1.0,0.0,1.0,0.0,11546,2273,13820,2,AS16509,0,1.0,1.0,1.0,1.0,1.0,1.0,1.0,0.0,0.0,0.0,0.0,0.0,1.0,0.0,1.0,1.0,1.0,1.0,55.0,0.0,1.0,1.0,1.0,11546.0,2273.0,0.0429,0.0,0.0,1.0,0.0,0.0,0.0,0.0,0.0,0,95,Benign
whois.name.com,14.0,0.0,3.3788,0.0,1.0,0.4167,0.5833,0.0,2.0,11.0,55.0,1.0,0.0,1.0,0.0,11546,2273,13820,2,AS16509,0,1.0,1.0,1.0,1.0,1.0,1.0,1.0,0.0,0.0,0.0,0.0,0.0,1.0,0.0,1.0,1.0,1.0,1.0,55.0,0.0,1.0,1.0,1.0,11546.0,2273.0,0.0429,0.0,0.0,1.0,0.0,0.0,0.0,0.0,0.0,0,95,Benign
whois.name.com,14.0,0.0,3.3788,0.0,1.0,0.4167,0.5833,0.0,2.0,11.0,55.0,28.0,0.0,1.0,0.0,11546,2273,13820,2,AS16509,0,1.0,1.0,1.0,1.0,1.0,1.0,1.0,0.0,0.0,0.0,0.0,0.0,1.0,0.0,1.0,1.0,1.0,1.0,55.0,0.0,1.0,1.0,1.0,11546.0,2273.0,0.0429,0.0,0.0,1.0,0.0,0.0,0.0,0.0,0.0,0,95,Benign
whois.prod.usw2.name.systems,28.0,1.0,3.8213,0.0,3.0,0.3043,0.6957,1.0,4.0,17.0,53.0,28.0,0.0,1.0,0.0,-1,-1,-1.0,0,AS16509,0,1.0,1.0,1.0,1.0,1.0,1.0,1.0,0.0,0.0,0.0,0.0,0.0,1.0,0.0,1.0,1.0,1.0,1.0,53.0,0.0,1.0,1.0,0.0,0.0,0.0,0.0538,0.0,0.0,1.0,0.0,0.0,0.0,0.0,0.0,0,95,Benign
whois.name.com,14.0,0.0,3.3788,0.0,1.0,0.4167,0.5833,0.0,2.0,11.0,55.0,5.0,0.0,1.0,0.0,11546,2273,13820,2,AS16509,0,1.0,1.0,1.0,1.0,1.0,1.0,1.0,0.0,0.0,0.0,0.0,0.0,1.0,0.0,1.0,1.0,1.0,1.0,55.0,0.0,1.0,1.0,1.0,11546.0,2273.0,0.0429,0.0,0.0,1.0,0.0,0.0,0.0,0.0,0.0,0,95,Benign
whois.name.com,14.0,0.0,3.3788,0.0,1.0,0.4167,0.5833,0.0,2.0,11.0,55.0,15.0,0.0,1.0,0.0,11546,2273,13820,2,AS16509,0,1.0,1.0,1.0,1.0,1.0,1.0,1.0,0.0,0.0,0.0,0.0,0.0,1.0,0.0,1.0,1.0,1.0,1.0,55.0,0.0,1.0,1.0,1.0,11546.0,2273.0,0.0429,0.0,0.0,1.0,0.0,0.0,0.0,0.0,0.0,0,95,Benign
whois.prod.usw2.name.systems,28.0,1.0,3.8213,0.0,3.0,0.3043,0.6957,1.0,4.0,17.0,53.0,15.0,0.0,1.0,0.0,-1,-1,-1.0,0,AS16509,0,1.0,1.0,1.0,1.0,1.0,1.0,1.0,0.0,0.0,0.0,0.0,0.0,1.0,0.0,1.0,1.0,1.0,1.0,53.0,0.0,1.0,1.0,0.0,0.0,0.0,0.0538,0.0,0.0,1.0,0.0,0.0,0.0,0.0,0.0,0,95,Benign
whois.iana.org,14.0,0.0,3.2359,0.0,1.0,0.5,0.5,0.0,2.0,10.0,51.0,1.0,0.0,1.0,0.0,11393,480,11874,4,AS16876,0,1.0,1.0,1.0,1.0,1.0,1.0,1.0,0.0,0.0,0.0,0.0,0.0,1.0,0.0,1.0,1.0,1.0,1.0,51.0,0.0,1.0,1.0,1.0,11393.0,480.0,0.5459,0.0,0.0,1.0,0.0,0.0,0.0,0.0,0.0,0,95,Benign
whois.identitydigital.services,30.0,0.0,3.7811,0.0,1.0,0.3929,0.6071,0.0,3.0,17.0,58.0,1.0,0.0,1.0,0.0,-1,-1,-1.0,0,AS16509,0,1.0,1.0,1.0,1.0,1.0,1.0,1.0,0.0,0.0,0.0,0.0,0.0,1.0,0.0,1.0,1.0,1.0,1.0,58.0,0.0,1.0,1.0,0.0,0.0,0.0,0.0165,0.0,0.0,1.0,0.0,0.0,0.0,0.0,0.0,0,95,Benign
whois.identitydigital.gtm.iddg.io,33.0,0.0,3.5169,0.0,3.0,0.3793,0.6207,0.0,3.0,15.0,58.0,1.0,0.0,1.0,0.0,1470,355,1826,4,AS16509,0,1.0,1.0,1.0,1.0,1.0,1.0,1.0,0.0,0.0,0.0,0.0,0.0,1.0,0.0,1.0,1.0,1.0,1.0,58.0,0.0,1.0,1.0,1.0,1470.0,355.0,0.0256,0.0,0.0,1.0,0.0,0.0,0.0,0.0,0.0,0,95,Benign
whois.identitydigital.services,30.0,0.0,3.7811,0.0,1.0,0.3929,0.6071,0.0,3.0,17.0,58.0,28.0,0.0,1.0,0.0,-1,-1,-1.0,0,AS16509,0,1.0,1.0,1.0,1.0,1.0,1.0,1.0,0.0,0.0,0.0,0.0,0.0,1.0,0.0,1.0,1.0,1.0,1.0,58.0,0.0,1.0,1.0,0.0,0.0,0.0,0.0165,0.0,0.0,1.0,0.0,0.0,0.0,0.0,0.0,0,95,Benign
whois.identitydigital.gtm.iddg.io,33.0,0.0,3.5169,0.0,3.0,0.3793,0.6207,0.0,3.0,15.0,58.0,28.0,0.0,1.0,0.0,1470,355,1826,4,AS16509,0,1.0,1.0,1.0,1.0,1.0,1.0,1.0,0.0,0.0,0.0,0.0,0.0,1.0,0.0,1.0,1.0,1.0,1.0,58.0,0.0,1.0,1.0,1.0,1470.0,355.0,0.0256,0.0,0.0,1.0,0.0,0.0,0.0,0.0,0.0,0,95,Benign
whois.identitydigital.services,30.0,0.0,3.7811,0.0,1.0,0.3929,0.6071,0.0,3.0,17.0,58.0,5.0,0.0,1.0,0.0,-1,-1,-1.0,0,AS16509,0,1.0,1.0,1.0,1.0,1.0,1.0,1.0,0.0,0.0,0.0,0.0,0.0,1.0,0.0,1.0,1.0,1.0,1.0,58.0,0.0,1.0,1.0,0.0,0.0,0.0,0.0165,0.0,0.0,1.0,0.0,0.0,0.0,0.0,0.0,0,95,Benign
whois.identitydigital.services,30.0,0.0,3.7811,0.0,1.0,0.3929,0.6071,0.0,3.0,17.0,58.0,15.0,0.0,1.0,0.0,-1,-1,-1.0,0,AS16509,0,1.0,1.0,1.0,1.0,1.0,1.0,1.0,0.0,0.0,0.0,0.0,0.0,1.0,0.0,1.0,1.0,1.0,1.0,58.0,0.0,1.0,1.0,0.0,0.0,0.0,0.0165,0.0,0.0,1.0,0.0,0.0,0.0,0.0,0.0,0,95,Benign
whois.identitydigital.gtm.iddg.io,33.0,0.0,3.5169,0.0,3.0,0.3793,0.6207,0.0,3.0,15.0,58.0,15.0,0.0,1.0,0.0,1470,355,1826,4,AS16509,0,1.0,1.0,1.0,1.0,1.0,1.0,1.0,0.0,0.0,0.0,0.0,0.0,1.0,0.0,1.0,1.0,1.0,1.0,58.0,0.0,1.0,1.0,1.0,1470.0,355.0,0.0256,0.0,0.0,1.0,0.0,0.0,0.0,0.0,0.0,0,95,Benign
whois.identitydigital.gtm.iddg.io,33.0,0.0,3.5169,0.0,3.0,0.3793,0.6207,0.0,3.0,15.0,58.0,1.0,0.0,1.0,0.0,1470,355,1826,4,AS16509,0,1.0,1.0,1.0,1.0,1.0,1.0,1.0,0.0,0.0,0.0,0.0,0.0,1.0,0.0,1.0,1.0,1.0,1.0,58.0,0.0,1.0,1.0,1.0,1470.0,355.0,0.0256,0.0,0.0,1.0,0.0,0.0,0.0,0.0,0.0,0,95,Benign
whois.identitydigital.gtm.iddg.io,33.0,0.0,3.5169,0.0,3.0,0.3793,0.6207,0.0,3.0,15.0,58.0,28.0,0.0,1.0,0.0,1470,355,1826,4,AS16509,0,1.0,1.0,1.0,1.0,1.0,1.0,1.0,0.0,0.0,0.0,0.0,0.0,1.0,0.0,1.0,1.0,1.0,1.0,58.0,0.0,1.0,1.0,1.0,1470.0,355.0,0.0256,0.0,0.0,1.0,0.0,0.0,0.0,0.0,0.0,0,95,Benign
whois.identitydigital.gtm.iddg.io,33.0,0.0,3.5169,0.0,3.0,0.3793,0.6207,0.0,3.0,15.0,58.0,5.0,0.0,1.0,0.0,1470,355,1826,4,AS16509,0,1.0,1.0,1.0,1.0,1.0,1.0,1.0,0.0,0.0,0.0,0.0,0.0,1.0,0.0,1.0,1.0,1.0,1.0,58.0,0.0,1.0,1.0,1.0,1470.0,355.0,0.0256,0.0,0.0,1.0,0.0,0.0,0.0,0.0,0.0,0,95,Benign
whois.identitydigital.gtm.iddg.io,33.0,0.0,3.5169,0.0,3.0,0.3793,0.6207,0.0,3.0,15.0,58.0,15.0,0.0,1.0,0.0,1470,355,1826,4,AS16509,0,1.0,1.0,1.0,1.0,1.0,1.0,1.0,0.0,0.0,0.0,0.0,0.0,1.0,0.0,1.0,1.0,1.0,1.0,58.0,0.0,1.0,1.0,1.0,1470.0,355.0,0.0256,0.0,0.0,1.0,0.0,0.0,0.0,0.0,0.0,0,95,Benign
whois.iana.org,14.0,0.0,3.2359,0.0,1.0,0.5,0.5,0.0,2.0,10.0,51.0,1.0,0.0,1.0,0.0,11393,480,11874,4,AS16876,0,1.0,1.0,1.0,1.0,1.0,1.0,1.0,0.0,0.0,0.0,0.0,0.0,1.0,0.0,1.0,1.0,1.0,1.0,51.0,0.0,1.0,1.0,1.0,11393.0,480.0,0.5459,0.0,0.0,1.0,0.0,0.0,0.0,0.0,0.0,0,95,Benign
whois.prod.usw2.name.systems,28.0,1.0,3.8213,0.0,3.0,0.3043,0.6957,1.0,4.0,17.0,53.0,1.0,0.0,1.0,0.0,-1,-1,-1.0,0,AS16509,0,1.0,1.0,1.0,1.0,1.0,1.0,1.0,0.0,0.0,0.0,0.0,0.0,1.0,0.0,1.0,1.0,1.0,1.0,53.0,0.0,1.0,1.0,0.0,0.0,0.0,0.0538,0.0,0.0,1.0,0.0,0.0,0.0,0.0,0.0,0,95,Benign
whois.prod.usw2.name.systems,28.0,1.0,3.8213,0.0,3.0,0.3043,0.6957,1.0,4.0,17.0,53.0,28.0,0.0,1.0,0.0,-1,-1,-1.0,0,AS16509,0,1.0,1.0,1.0,1.0,1.0,1.0,1.0,0.0,0.0,0.0,0.0,0.0,1.0,0.0,1.0,1.0,1.0,1.0,53.0,0.0,1.0,1.0,0.0,0.0,0.0,0.0538,0.0,0.0,1.0,0.0,0.0,0.0,0.0,0.0,0,95,Benign
whois.prod.usw2.name.systems,28.0,1.0,3.8213,0.0,3.0,0.3043,0.6957,1.0,4.0,17.0,53.0,5.0,0.0,1.0,0.0,-1,-1,-1.0,0,AS16509,0,1.0,1.0,1.0,1.0,1.0,1.0,1.0,0.0,0.0,0.0,0.0,0.0,1.0,0.0,1.0,1.0,1.0,1.0,53.0,0.0,1.0,1.0,0.0,0.0,0.0,0.0538,0.0,0.0,1.0,0.0,0.0,0.0,0.0,0.0,0,95,Benign
whois.prod.usw2.name.systems,28.0,1.0,3.8213,0.0,3.0,0.3043,0.6957,1.0,4.0,17.0,53.0,15.0,0.0,1.0,0.0,-1,-1,-1.0,0,AS16509,0,1.0,1.0,1.0,1.0,1.0,1.0,1.0,0.0,0.0,0.0,0.0,0.0,1.0,0.0,1.0,1.0,1.0,1.0,53.0,0.0,1.0,1.0,0.0,0.0,0.0,0.0538,0.0,0.0,1.0,0.0,0.0,0.0,0.0,0.0,0,95,Benign
connectivity-check.ubuntu.com,29.0,0.0,3.6899,1.0,1.0,0.3462,0.6538,0.0,2.0,15.0,19.0,1.0,0.0,1.0,0.0,8112,653,8766,3,AS41231,0,1.0,1.0,1.0,1.0,1.0,1.0,1.0,0.0,0.0,0.0,0.0,0.0,1.0,0.0,1.0,1.0,1.0,1.0,19.0,0.0,1.0,1.0,1.0,8112.0,653.0,0.0223,0.0,0.0,1.0,0.0,0.0,0.0,0.0,0.0,0,95,Benign
whois.iana.org,14.0,0.0,3.2359,0.0,1.0,0.5,0.5,0.0,2.0,10.0,51.0,1.0,0.0,1.0,0.0,11393,480,11874,4,AS16876,0,1.0,1.0,1.0,1.0,1.0,1.0,1.0,0.0,0.0,0.0,0.0,0.0,1.0,0.0,1.0,1.0,1.0,1.0,51.0,0.0,1.0,1.0,1.0,11393.0,480.0,0.5459,0.0,0.0,1.0,0.0,0.0,0.0,0.0,0.0,0,95,Benign
whois.verisign-grs.com,22.0,0.0,3.6635,1.0,1.0,0.3158,0.6842,0.0,3.0,14.0,5.0,1.0,0.0,1.0,0.0,9471,24,9496,4,AS397203,0,1.0,1.0,1.0,1.0,1.0,1.0,1.0,0.0,0.0,0.0,0.0,0.0,1.0,0.0,1.0,1.0,1.0,1.0,5.0,0.0,1.0,1.0,1.0,9471.0,24.0,0.3344,0.0,0.0,1.0,0.0,0.0,0.0,0.0,0.0,0,95,Benign
whois.markmonitor.com,21.0,0.0,3.4992,0.0,1.0,0.3684,0.6316,0.0,3.0,13.0,38.0,1.0,0.0,1.0,0.0,9975,2078,12054,9,AS16509,0,1.0,1.0,1.0,1.0,1.0,1.0,1.0,0.0,0.0,0.0,0.0,0.0,1.0,0.0,1.0,1.0,1.0,1.0,38.0,0.0,1.0,1.0,1.0,9975.0,2078.0,0.037,0.0,0.0,0.0,0.0,0.0,0.0,0.0,0.0,0,95,Benign
connectivity-check.ubuntu.com,29.0,0.0,3.6899,1.0,1.0,0.3462,0.6538,0.0,2.0,15.0,19.0,1.0,0.0,1.0,0.0,8112,653,8766,3,AS41231,0,1.0,1.0,1.0,1.0,1.0,1.0,1.0,0.0,0.0,0.0,0.0,0.0,1.0,0.0,1.0,1.0,1.0,1.0,19.0,0.0,1.0,1.0,1.0,8112.0,653.0,0.0223,0.0,0.0,1.0,0.0,0.0,0.0,0.0,0.0,0,95,Benign
connectivity-check.ubuntu.com,29.0,0.0,3.6899,1.0,1.0,0.3462,0.6538,0.0,2.0,15.0,19.0,28.0,0.0,1.0,0.0,8112,653,8766,3,AS41231,0,1.0,1.0,1.0,1.0,1.0,1.0,1.0,0.0,0.0,0.0,0.0,0.0,1.0,0.0,1.0,1.0,1.0,1.0,19.0,0.0,1.0,1.0,1.0,8112.0,653.0,0.0223,0.0,0.0,1.0,0.0,0.0,0.0,0.0,0.0,0,95,Benign
connectivity-check.ubuntu.com,29.0,0.0,3.6899,1.0,1.0,0.3462,0.6538,0.0,2.0,15.0,19.0,5.0,0.0,1.0,0.0,8112,653,8766,3,AS41231,0,1.0,1.0,1.0,1.0,1.0,1.0,1.0,0.0,0.0,0.0,0.0,0.0,1.0,0.0,1.0,1.0,1.0,1.0,19.0,0.0,1.0,1.0,1.0,8112.0,653.0,0.0223,0.0,0.0,1.0,0.0,0.0,0.0,0.0,0.0,0,95,Benign
connectivity-check.ubuntu.com,29.0,0.0,3.6899,1.0,1.0,0.3462,0.6538,0.0,2.0,15.0,19.0,15.0,0.0,1.0,0.0,8112,653,8766,3,AS41231,0,1.0,1.0,1.0,1.0,1.0,1.0,1.0,0.0,0.0,0.0,0.0,0.0,1.0,0.0,1.0,1.0,1.0,1.0,19.0,0.0,1.0,1.0,1.0,8112.0,653.0,0.0223,0.0,0.0,1.0,0.0,0.0,0.0,0.0,0.0,0,95,Benign
connectivity-check.ubuntu.com,29.0,0.0,3.6899,1.0,1.0,0.3462,0.6538,0.0,2.0,15.0,19.0,28.0,0.0,1.0,0.0,8112,653,8766,3,AS41231,0,1.0,1.0,1.0,1.0,1.0,1.0,1.0,0.0,0.0,0.0,0.0,0.0,1.0,0.0,1.0,1.0,1.0,1.0,19.0,0.0,1.0,1.0,1.0,8112.0,653.0,0.0223,0.0,0.0,1.0,0.0,0.0,0.0,0.0,0.0,0,95,Benign
connectivity-check.ubuntu.com,29.0,0.0,3.6899,1.0,1.0,0.3462,0.6538,0.0,2.0,15.0,19.0,1.0,0.0,1.0,0.0,8112,653,8766,3,AS41231,0,1.0,1.0,1.0,1.0,1.0,1.0,1.0,0.0,0.0,0.0,0.0,0.0,1.0,0.0,1.0,1.0,1.0,1.0,19.0,0.0,1.0,1.0,1.0,8112.0,653.0,0.0223,0.0,0.0,1.0,0.0,0.0,0.0,0.0,0.0,0,95,Benign
connectivity-check.ubuntu.com,29.0,0.0,3.6899,1.0,1.0,0.3462,0.6538,0.0,2.0,15.0,19.0,1.0,0.0,1.0,0.0,8112,653,8766,3,AS41231,0,1.0,1.0,1.0,1.0,1.0,1.0,1.0,0.0,0.0,0.0,0.0,0.0,1.0,0.0,1.0,1.0,1.0,1.0,19.0,0.0,1.0,1.0,1.0,8112.0,653.0,0.0223,0.0,0.0,1.0,0.0,0.0,0.0,0.0,0.0,0,95,Benign
connectivity-check.ubuntu.com,29.0,0.0,3.6899,1.0,1.0,0.3462,0.6538,0.0,2.0,15.0,19.0,28.0,0.0,1.0,0.0,8112,653,8766,3,AS41231,0,1.0,1.0,1.0,1.0,1.0,1.0,1.0,0.0,0.0,0.0,0.0,0.0,1.0,0.0,1.0,1.0,1.0,1.0,19.0,0.0,1.0,1.0,1.0,8112.0,653.0,0.0223,0.0,0.0,1.0,0.0,0.0,0.0,0.0,0.0,0,95,Benign
